date,swe_mm,tair_c,ppt_mm
2012-10-01,0,5.4,0
2012-10-02,0,10.6,0
2012-10-03,0,7.5,0
2012-10-04,0,-1.1,0
2012-10-05,0,-1.3,0
2012-10-06,0,-5.6,0
2012-10-07,0,-0.5,2.5
2012-10-08,0,5.2,0
2012-10-09,0,3.9,0
2012-10-10,0,6.8,0
2012-10-11,0,6.5,0
2012-10-12,0,6,2.5
2012-10-13,0,2.3,0
2012-10-14,0,4.4,0
2012-10-15,0,7.8,0
2012-10-16,0,5.9,2.5
2012-10-17,0,-1.4,2.5
2012-10-18,0,1.4,0
2012-10-19,0,6,0
2012-10-20,0,7.8,0
2012-10-21,0,6.1,0
2012-10-22,0,7.4,0
2012-10-23,0,6.5,0
2012-10-24,0,-1.2,12.7
2012-10-25,10.2,-6.5,12.7
2012-10-26,22.9,-7.2,2.5
2012-10-27,25.4,-3.7,2.5
2012-10-28,30.5,1.6,2.5
2012-10-29,30.5,4.5,0
2012-10-30,30.5,5,0
2012-10-31,30.5,4.9,0
2012-11-01,30.5,4.6,0
2012-11-02,30.5,2.3,0
2012-11-03,25.4,2.2,0
2012-11-04,25.4,3.1,0
2012-11-05,25.4,4.3,0
2012-11-06,25.4,5.6,0
2012-11-07,25.4,6.2,0
2012-11-08,25.4,3.3,0
2012-11-09,22.9,4.6,0
2012-11-10,22.9,-4.3,0
2012-11-11,22.9,-12.3,0
2012-11-12,22.9,-5,5.1
2012-11-13,25.4,-3.3,0
2012-11-14,25.4,0.2,0
2012-11-15,25.4,-1,0
2012-11-16,27.9,1.5,2.5
2012-11-17,27.9,1.4,0
2012-11-18,27.9,1.1,0
2012-11-19,27.9,0.7,0
2012-11-20,27.9,4,0
2012-11-21,27.9,4.9,0
2012-11-22,27.9,1,0
2012-11-23,25.4,2.4,0
2012-11-24,25.4,3.4,0
2012-11-25,25.4,1.8,0
2012-11-26,25.4,-1.3,0
2012-11-27,22.9,0.9,0
2012-11-28,22.9,2.2,0
2012-11-29,22.9,2.3,0
2012-11-30,22.9,3.3,0
2012-12-01,22.9,2,0
2012-12-02,22.9,3.4,0
2012-12-03,22.9,-0.4,0
2012-12-04,22.9,0,0
2012-12-05,22.9,3.3,0
2012-12-06,22.9,-0.6,2.5
2012-12-07,22.9,-3.4,7.6
2012-12-08,27.9,-7.5,10.2
2012-12-09,38.1,-16.1,7.6
2012-12-10,45.7,-12.3,2.5
2012-12-11,50.8,-9,2.5
2012-12-12,53.3,-2.2,0
2012-12-13,53.3,-1.8,0
2012-12-14,53.3,-3.3,0
2012-12-15,53.3,-4.5,0
2012-12-16,53.3,-7.9,0
2012-12-17,53.3,-6.6,15.2
2012-12-18,66,-7.2,7.6
2012-12-19,73.7,-14.2,5.1
2012-12-20,86.4,-7.7,7.6
2012-12-21,88.9,-2.2,0
2012-12-22,88.9,0.4,2.5
2012-12-23,91.4,-3.2,0
2012-12-24,91.4,-5.8,2.5
2012-12-25,94,-12.1,0
2012-12-26,94,-6.7,0
2012-12-27,96.5,-10.9,2.5
2012-12-28,96.5,-12.9,0
2012-12-29,99.1,-4.7,0
2012-12-30,99.1,-6.1,0
2012-12-31,99.1,-13.4,0
2013-01-01,99.1,-12.8,0
2013-01-02,99.1,-13.2,0
2013-01-03,99.1,-12,0
2013-01-04,99.1,-7,2.5
2013-01-05,99.1,-4.6,0
2013-01-06,101.6,-2.7,2.5
2013-01-07,101.6,-0.2,0
2013-01-08,101.6,-3.5,0
2013-01-09,101.6,0.9,0
2013-01-10,101.6,-2.1,0
2013-01-11,101.6,-11.4,0
2013-01-12,99.1,-18.4,0
2013-01-13,99.1,-20.6,2.5
2013-01-14,99.1,-20.6,0
2013-01-15,99.1,-9.2,0
2013-01-16,101.6,-3.1,0
2013-01-17,101.6,-4,0
2013-01-18,101.6,-0.6,0
2013-01-19,101.6,-0.8,0
2013-01-20,101.6,-2.3,0
2013-01-21,101.6,-2,0
2013-01-22,101.6,1.6,0
2013-01-23,101.6,2.4,0
2013-01-24,101.6,1.5,0
2013-01-25,104.1,0.9,0
2013-01-26,104.1,0.9,2.5
2013-01-27,104.1,-0.3,0
2013-01-28,104.1,-3.2,2.5
2013-01-29,106.7,-13.9,0
2013-01-30,106.7,-11.4,5.1
2013-01-31,114.3,-7,2.5
2013-02-01,116.8,-6.1,0
2013-02-02,119.4,-3.1,2.5
2013-02-03,119.4,-1.4,0
2013-02-04,119.4,-2.7,0
2013-02-05,119.4,-0.5,0
2013-02-06,119.4,-1.4,0
2013-02-07,119.4,-5.6,0
2013-02-08,119.4,-4.8,0
2013-02-09,119.4,-7.4,0
2013-02-10,119.4,-10.8,2.5
2013-02-11,121.9,-13.6,0
2013-02-12,121.9,-8.7,2.5
2013-02-13,124.5,-6.6,0
2013-02-14,124.5,-8.6,7.6
2013-02-15,129.5,-9.1,2.5
2013-02-16,134.6,-3.6,0
2013-02-17,134.6,-2.2,0
2013-02-18,134.6,-9.7,0
2013-02-19,134.6,-5.2,0
2013-02-20,134.6,-6.5,2.5
2013-02-21,137.2,-9.7,2.5
2013-02-22,139.7,-9.7,0
2013-02-23,139.7,-6.3,2.5
2013-02-24,142.2,-11.4,15.2
2013-02-25,154.9,-6.9,2.5
2013-02-26,160,-8.6,0
2013-02-27,160,-10.2,2.5
2013-02-28,160,-8,0
2013-03-01,162.6,-4.2,2.5
2013-03-02,165.1,0.3,0
2013-03-03,165.1,0.8,2.5
2013-03-04,165.1,-6.9,5.1
2013-03-05,170.2,-4.5,2.5
2013-03-06,172.7,1.7,0
2013-03-07,172.7,1.4,0
2013-03-08,172.7,-0.6,0
2013-03-09,172.7,-5.9,15.2
2013-03-10,185.4,-5.4,2.5
2013-03-11,188,-4,7.6
2013-03-12,195.6,-2.8,5.1
2013-03-13,200.7,1.8,2.5
2013-03-14,203.2,4.7,0
2013-03-15,200.7,5.3,0
2013-03-16,198.1,1,0
2013-03-17,198.1,-3.2,2.5
2013-03-18,200.7,-7.3,2.5
2013-03-19,205.7,-5.5,0
2013-03-20,205.7,-0.9,2.5
2013-03-21,205.7,-3,0
2013-03-22,208.3,-6.8,10.2
2013-03-23,218.4,-14.2,10.2
2013-03-24,228.6,-14.6,2.5
2013-03-25,233.7,-10.8,0
2013-03-26,233.7,-2.8,5.1
2013-03-27,238.8,0,0
2013-03-28,238.8,0.5,0
2013-03-29,238.8,1.9,2.5
2013-03-30,238.8,1.1,0
2013-03-31,236.2,2.4,0
2013-04-01,233.7,0,2.5
2013-04-02,236.2,-1.4,10.2
2013-04-03,243.8,0.8,0
2013-04-04,243.8,4.3,0
2013-04-05,241.3,4,2.5
2013-04-06,241.3,1.6,0
2013-04-07,241.3,0.6,5.1
2013-04-08,241.3,0.8,7.6
2013-04-09,251.5,-13.8,2.5
2013-04-10,254,-8.9,5.1
2013-04-11,256.5,-2.1,2.5
2013-04-12,256.5,-0.5,2.5
2013-04-13,261.6,1.7,10.2
2013-04-14,269.2,-6.2,5.1
2013-04-15,276.9,-6.9,35.6
2013-04-16,309.9,-6.3,5.1
2013-04-17,315,-10.7,7.6
2013-04-18,322.6,-11.2,2.5
2013-04-19,332.7,-3.7,5.1
2013-04-20,335.3,-0.5,2.5
2013-04-21,340.4,0.4,0
2013-04-22,340.4,-5.6,25.4
2013-04-23,365.8,-9.1,10.2
2013-04-24,378.5,-3.3,2.5
2013-04-25,383.5,1.3,0
2013-04-26,381,2.2,0
2013-04-27,378.5,5.8,0
2013-04-28,373.4,7.5,0
2013-04-29,368.3,7.8,0
2013-04-30,355.6,4.4,12.7
2013-05-01,360.7,-7.4,27.9
2013-05-02,383.5,-6.3,5.1
2013-05-03,391.2,1.7,0
2013-05-04,388.6,-0.2,0
2013-05-05,388.6,1.2,2.5
2013-05-06,391.2,3.3,0
2013-05-07,388.6,4.6,2.5
2013-05-08,381,0.9,33
2013-05-09,411.5,1,10.2
2013-05-10,419.1,1.5,2.5
2013-05-11,424.2,4.6,0
2013-05-12,419.1,9.2,0
2013-05-13,408.9,11.3,0
2013-05-14,388.6,11.3,0
2013-05-15,365.8,7.4,0
2013-05-16,353.1,8.2,0
2013-05-17,330.2,9.9,0
2013-05-18,304.8,6.4,0
2013-05-19,294.6,3.8,0
2013-05-20,274.3,3.2,2.5
2013-05-21,266.7,3.5,0
2013-05-22,246.4,6.3,2.5
2013-05-23,231.1,6,0
2013-05-24,203.2,8.2,0
2013-05-25,172.7,10.2,0
2013-05-26,142.2,10.2,0
2013-05-27,99.1,9,0
2013-05-28,71.1,7.7,0
2013-05-29,55.9,3.2,2.5
2013-05-30,50.8,2.9,2.5
2013-05-31,48.3,4.2,0
2013-06-01,33,4.7,0
2013-06-02,22.9,8.6,0
2013-06-03,17.8,11.5,0
2013-06-04,10.2,7.5,0
2013-06-05,7.6,4.3,0
2013-06-06,0,7.8,0
2013-06-07,0,10.1,0
2013-06-08,0,9.9,0
2013-06-09,0,12.9,0
2013-06-10,0,15.8,0
2013-06-11,0,16.6,0
2013-06-12,0,13.9,0
2013-06-13,0,13.2,0
2013-06-14,0,12.5,0
2013-06-15,0,10.1,0
2013-06-16,0,10,0
2013-06-17,0,9.6,0
2013-06-18,0,10.1,0
2013-06-19,0,13.6,0
2013-06-20,0,11.9,0
2013-06-21,0,13.6,0
2013-06-22,0,11.4,0
2013-06-23,0,9.9,0
2013-06-24,0,12.8,0
2013-06-25,0,12.3,0
2013-06-26,0,14.5,0
2013-06-27,0,17.3,0
2013-06-28,0,14.3,10.2
2013-06-29,0,10,7.6
2013-06-30,0,9.8,5.1
2013-07-01,0,8.7,2.5
2013-07-02,0,9.3,2.5
2013-07-03,0,10.6,2.5
2013-07-04,0,12,0
2013-07-05,0,12.4,2.5
2013-07-06,0,12.8,0
2013-07-07,0,13.8,0
2013-07-08,0,14.7,0
2013-07-09,0,14.7,0
2013-07-10,0,13.8,0
2013-07-11,0,16.3,0
2013-07-12,0,13,10.2
2013-07-13,0,11.9,5.1
2013-07-14,0,10.5,17.8
2013-07-15,0,10.7,2.5
2013-07-16,0,10.6,0
2013-07-17,0,13.5,0
2013-07-18,0,13.4,15.2
2013-07-19,0,11.4,0
2013-07-20,0,13.3,0
2013-07-21,0,14.8,0
2013-07-22,0,14.9,0
2013-07-23,0,14,0
2013-07-24,0,11.9,2.5
2013-07-25,0,9.4,10.2
2013-07-26,0,10.1,0
2013-07-27,0,11.5,0
2013-07-28,0,10.2,0
2013-07-29,0,11,0
2013-07-30,0,12.6,0
2013-07-31,0,12.7,0
2013-08-01,0,13.6,0
2013-08-02,0,15.4,0
2013-08-03,0,12.4,5.1
2013-08-04,0,12.4,5.1
2013-08-05,0,12.1,7.6
2013-08-06,0,12.4,0
2013-08-07,0,9.3,0
2013-08-08,0,9.2,0
2013-08-09,0,7.2,7.6
2013-08-10,0,10.8,0
2013-08-11,0,9.8,0
2013-08-12,0,8.9,7.6
2013-08-13,0,7.9,5.1
2013-08-14,0,9.6,0
2013-08-15,0,12,0
2013-08-16,0,12.8,0
2013-08-17,0,13.7,0
2013-08-18,0,14.8,0
2013-08-19,0,15,0
2013-08-20,0,14.8,0
2013-08-21,0,13.7,0
2013-08-22,0,10.7,7.6
2013-08-23,0,10.8,7.6
2013-08-24,0,10.6,2.5
2013-08-25,0,10.9,0
2013-08-26,0,13.1,5.1
2013-08-27,0,13,0
2013-08-28,0,13.2,0
2013-08-29,0,13.1,2.5
2013-08-30,0,11.6,7.6
2013-08-31,0,12.6,0
2013-09-01,0,11.1,0
2013-09-02,0,12.8,0
2013-09-03,0,15.8,0
2013-09-04,0,13.2,0
2013-09-05,0,12.2,2.5
2013-09-06,0,12.7,7.6
2013-09-07,0,12.2,0
2013-09-08,0,11,0
2013-09-09,0,10,33
2013-09-10,0,8.8,33
2013-09-11,0,9.1,53.3
2013-09-12,0,8.8,58.4
2013-09-13,0,9,0
2013-09-14,0,7.8,5.1
2013-09-15,0,6.4,25.4
2013-09-16,0,8,0
2013-09-17,0,10.4,0
2013-09-18,0,8.8,2.5
2013-09-19,0,5.3,0
2013-09-20,0,6.5,0
2013-09-21,0,10,0
2013-09-22,0,6.9,7.6
2013-09-23,0,3.1,2.5
2013-09-24,0,8.6,0
2013-09-25,0,11.5,0
2013-09-26,0,6.4,0
2013-09-27,0,0.8,2.5
2013-09-28,0,2.6,2.5
2013-09-29,0,7.6,0
2013-09-30,0,10.2,0
2013-10-01,0,7.8,0
2013-10-02,0,7.2,0
2013-10-03,0,6.5,7.6
2013-10-04,0,-3.7,7.6
2013-10-05,5.1,-0.4,2.5
2013-10-06,5.1,6.5,0
2013-10-07,0,9.9,0
2013-10-08,0,9.3,0
2013-10-09,0,4.6,0
2013-10-10,0,2.1,0
2013-10-11,0,0.5,0
2013-10-12,0,0.7,0
2013-10-13,0,2.4,0
2013-10-14,0,0.2,5.1
2013-10-15,0,-4,5.1
2013-10-16,5.1,-2,0
2013-10-17,5.1,-1.1,5.1
2013-10-18,10.2,-4,5.1
2013-10-19,15.2,1.5,2.5
2013-10-20,17.8,-1.1,2.5
2013-10-21,17.8,-0.5,0
2013-10-22,17.8,4.5,0
2013-10-23,17.8,4.2,0
2013-10-24,15.2,3,0
2013-10-25,15.2,4.3,0
2013-10-26,15.2,2.9,0
2013-10-27,15.2,4,0
2013-10-28,15.2,0.5,0
2013-10-29,15.2,2.4,7.6
2013-10-30,20.3,-2.2,0
2013-10-31,20.3,-3.7,0
2013-11-01,22.9,-2.5,5.1
2013-11-02,25.4,4.9,0
2013-11-03,25.4,2.4,0
2013-11-04,25.4,-4.4,0
2013-11-05,25.4,-7.6,2.5
2013-11-06,27.9,-4.7,0
2013-11-07,30.5,1.2,0
2013-11-08,30.5,2.9,0
2013-11-09,27.9,3,0
2013-11-10,27.9,4.1,0
2013-11-11,27.9,2.9,0
2013-11-12,27.9,1.6,0
2013-11-13,27.9,4.3,0
2013-11-14,27.9,1.1,0
2013-11-15,27.9,0.4,0
2013-11-16,27.9,-3.1,5.1
2013-11-17,38.1,-4.3,7.6
2013-11-18,43.2,-0.1,0
2013-11-19,43.2,1.1,0
2013-11-20,43.2,-0.5,0
2013-11-21,48.3,-9.5,0
2013-11-22,48.3,-6.7,10.2
2013-11-23,53.3,-6.1,2.5
2013-11-24,55.9,-1.6,0
2013-11-25,55.9,-4.6,0
2013-11-26,55.9,-3.1,0
2013-11-27,58.4,1.2,0
2013-11-28,58.4,-1.2,0
2013-11-29,58.4,0.7,0
2013-11-30,58.4,-0.2,0
2013-12-01,58.4,-2.1,0
2013-12-02,63.5,-1.5,0
2013-12-03,63.5,-6.1,0
2013-12-04,68.6,-19.6,2.5
2013-12-05,71.1,-18.4,7.6
2013-12-06,76.2,-17.5,5.1
2013-12-07,81.3,-11.7,0
2013-12-08,81.3,-14.8,0
2013-12-09,81.3,-18,2.5
2013-12-10,83.8,-8.8,2.5
2013-12-11,86.4,-5.3,0
2013-12-12,86.4,0.5,0
2013-12-13,86.4,-2.9,0
2013-12-14,86.4,-4.8,0
2013-12-15,86.4,-2.4,0
2013-12-16,86.4,0.2,0
2013-12-17,86.4,1.5,0
2013-12-18,86.4,2.2,0
2013-12-19,86.4,-0.2,0
2013-12-20,86.4,-4.8,0
2013-12-21,86.4,-8,0
2013-12-22,86.4,-9.8,5.1
2013-12-23,91.4,-6.2,5.1
2013-12-24,96.5,-6.1,2.5
2013-12-25,99.1,-4.5,2.5
2013-12-26,101.6,-1.5,0
2013-12-27,101.6,1.3,0
2013-12-28,101.6,-1.9,2.5
2013-12-29,104.1,-8.4,0
2013-12-30,104.1,-6.1,2.5
2013-12-31,106.7,-2.7,0
2014-01-01,109.2,-7.2,5.1
2014-01-02,114.3,-2.6,0
2014-01-03,116.8,-0.6,0
2014-01-04,116.8,-12.7,12.7
2014-01-05,132.1,-17.3,5.1
2014-01-06,139.7,-9.3,5.1
2014-01-07,144.8,-4.4,2.5
2014-01-08,147.3,-4.8,0
2014-01-09,147.3,-5.6,0
2014-01-10,149.9,-9.7,7.6
2014-01-11,157.5,-2.3,5.1
2014-01-12,162.6,-7.1,2.5
2014-01-13,167.6,-8,2.5
2014-01-14,170.2,-7,5.1
2014-01-15,175.3,-4.1,0
2014-01-16,175.3,-5.6,0
2014-01-17,175.3,-2.6,0
2014-01-18,175.3,0.5,0
2014-01-19,175.3,1.6,0
2014-01-20,175.3,-1.8,0
2014-01-21,175.3,-0.1,0
2014-01-22,175.3,-4.7,0
2014-01-23,175.3,-9.8,2.5
2014-01-24,177.8,-0.7,0
2014-01-25,177.8,1.4,0
2014-01-26,177.8,-4.3,0
2014-01-27,177.8,-10.9,12.7
2014-01-28,190.5,-13,5.1
2014-01-29,195.6,-3.9,7.6
2014-01-30,203.2,-5.2,7.6
2014-01-31,223.5,-7.5,2.5
2014-02-01,226.1,-11.8,0
2014-02-02,226.1,-11.4,0
2014-02-03,228.6,-9.8,2.5
2014-02-04,231.1,-16.6,2.5
2014-02-05,231.1,-16,2.5
2014-02-06,233.7,-9.9,5.1
2014-02-07,241.3,-7.2,10.2
2014-02-08,251.5,-4.6,10.2
2014-02-09,266.7,-2.7,22.9
2014-02-10,292.1,-4.5,12.7
2014-02-11,297.2,-6.8,5.1
2014-02-12,302.3,-4.5,2.5
2014-02-13,307.3,-1.7,10.2
2014-02-14,322.6,-2.4,7.6
2014-02-15,330.2,1.4,2.5
2014-02-16,332.7,0.7,2.5
2014-02-17,335.3,-2,0
2014-02-18,337.8,0.3,0
2014-02-19,337.8,-1.7,0
2014-02-20,337.8,-12.5,0
2014-02-21,337.8,-8.1,7.6
2014-02-22,345.4,-6.9,12.7
2014-02-23,358.1,-3.5,7.6
2014-02-24,365.8,0.1,0
2014-02-25,365.8,-4.5,0
2014-02-26,365.8,-1.8,5.1
2014-02-27,370.8,-0.9,0
2014-02-28,373.4,-1.3,5.1
2014-03-01,378.5,-1,10.2
2014-03-02,386.1,-2.4,0
2014-03-03,388.6,-1.2,0
2014-03-04,388.6,-0.3,10.2
2014-03-05,398.8,-2.3,0
2014-03-06,398.8,2.1,2.5
2014-03-07,401.3,-3,10.2
2014-03-08,419.1,-4.1,0
2014-03-09,419.1,3.8,0
2014-03-10,419.1,4.4,0
2014-03-11,419.1,-6.7,5.1
2014-03-12,424.2,-5,2.5
2014-03-13,426.7,-0.5,0
2014-03-14,426.7,0.8,0
2014-03-15,426.7,-4.6,2.5
2014-03-16,429.3,-0.9,0
2014-03-17,429.3,0.1,2.5
2014-03-18,431.8,-8,0
2014-03-19,431.8,-4.3,0
2014-03-20,431.8,0.3,0
2014-03-21,431.8,-2.2,0
2014-03-22,431.8,-7.6,5.1
2014-03-23,436.9,-3.8,2.5
2014-03-24,439.4,-1.7,0
2014-03-25,439.4,1.4,0
2014-03-26,439.4,2.2,0
2014-03-27,439.4,-3.1,7.6
2014-03-28,444.5,-4.6,0
2014-03-29,444.5,0.5,0
2014-03-30,444.5,2.5,0
2014-03-31,444.5,-3.9,2.5
2014-04-01,444.5,-1.7,2.5
2014-04-02,449.6,-2.8,0
2014-04-03,452.1,-5.6,5.1
2014-04-04,462.3,-3.3,12.7
2014-04-05,462.3,-2.1,5.1
2014-04-06,467.4,-2.8,0
2014-04-07,467.4,-2.2,2.5
2014-04-08,467.4,3.6,2.5
2014-04-09,469.9,6.5,0
2014-04-10,467.4,5.1,0
2014-04-11,459.7,6.3,0
2014-04-12,444.5,5.6,2.5
2014-04-13,444.5,-7.6,22.9
2014-04-14,467.4,-7.9,0
2014-04-15,469.9,1,5.1
2014-04-16,469.9,-1.1,2.5
2014-04-17,469.9,1.2,0
2014-04-18,469.9,8.3,2.5
2014-04-19,462.3,4,2.5
2014-04-20,462.3,4.9,0
2014-04-21,454.7,3.6,0
2014-04-22,447,6.9,0
2014-04-23,436.9,3.4,0
2014-04-24,426.7,1.6,0
2014-04-25,419.1,5.6,0
2014-04-26,406.4,5.9,0
2014-04-27,393.7,-2.9,0
2014-04-28,393.7,-3.9,0
2014-04-29,393.7,-3.2,2.5
2014-04-30,396.2,-2.1,0
2014-05-01,396.2,0.7,0
2014-05-02,388.6,6.9,0
2014-05-03,373.4,8.1,0
2014-05-04,368.3,10.2,0
2014-05-05,348,9.2,0
2014-05-06,340.4,7.4,0
2014-05-07,322.6,2.2,5.1
2014-05-08,327.7,0.1,5.1
2014-05-09,327.7,0.9,7.6
2014-05-10,332.7,3,7.6
2014-05-11,337.8,-3,30.5
2014-05-12,370.8,-6.1,22.9
2014-05-13,381,-4.8,0
2014-05-14,381,-0.7,0
2014-05-15,381,3.4,0
2014-05-16,381,4.5,10.2
2014-05-17,381,5.6,0
2014-05-18,370.8,9.6,0
2014-05-19,350.5,9.3,0
2014-05-20,327.7,6.1,0
2014-05-21,317.5,5.2,10.2
2014-05-22,309.9,5.3,5.1
2014-05-23,294.6,5.4,5.1
2014-05-24,284.5,4.8,15.2
2014-05-25,266.7,3.2,2.5
2014-05-26,215.9,5.7,0
2014-05-27,213.4,9.8,0
2014-05-28,193,10.1,0
2014-05-29,165.1,10.1,0
2014-05-30,132.1,6.5,0
2014-05-31,114.3,9.1,7.6
2014-06-01,76.2,9.7,0
2014-06-02,50.8,9.3,0
2014-06-03,30.5,11.2,0
2014-06-04,17.8,9.1,0
2014-06-05,0,7.6,0
2014-06-06,0,8.1,0
2014-06-07,0,7.2,0
2014-06-08,0,4.5,2.5
2014-06-09,0,6.6,0
2014-06-10,0,11.7,0
2014-06-11,0,10,2.5
2014-06-12,0,8.2,0
2014-06-13,0,11.7,0
2014-06-14,0,9,0
2014-06-15,0,7.2,0
2014-06-16,0,11.8,0
2014-06-17,0,11.8,0
2014-06-18,0,8.2,2.5
2014-06-19,0,8.7,0
2014-06-20,0,11.1,2.5
2014-06-21,0,10.9,0
2014-06-22,0,9.6,0
2014-06-23,0,9.6,0
2014-06-24,0,10.2,0
2014-06-25,0,12.3,0
2014-06-26,0,14.4,0
2014-06-27,0,11.4,2.5
2014-06-28,0,9.9,0
2014-06-29,0,15.1,0
2014-06-30,0,13.4,0
2014-07-01,0,8.1,0
2014-07-02,0,10.2,0
2014-07-03,0,13.4,0
2014-07-04,0,13,2.5
2014-07-05,0,12.8,0
2014-07-06,0,13.5,0
2014-07-07,0,16.3,0
2014-07-08,0,9.7,0
2014-07-09,0,13.9,0
2014-07-10,0,14.8,0
2014-07-11,0,12.9,2.5
2014-07-12,0,11.5,5.1
2014-07-13,0,10.5,0
2014-07-14,0,11.2,0
2014-07-15,0,11.2,2.5
2014-07-16,0,8.9,7.6
2014-07-17,0,8.6,0
2014-07-18,0,12.2,0
2014-07-19,0,13.8,0
2014-07-20,0,15.1,0
2014-07-21,0,15.1,0
2014-07-22,0,15.6,0
2014-07-23,0,15.6,0
2014-07-24,0,17.4,0
2014-07-25,0,15.8,2.5
2014-07-26,0,14.1,5.1
2014-07-27,0,11.6,0
2014-07-28,0,11.2,5.1
2014-07-29,0,9.7,12.7
2014-07-30,2.5,7.7,0
2014-07-31,0,7.6,0
2014-08-01,0,7.9,0
2014-08-02,0,9.4,0
2014-08-03,0,11.7,0
2014-08-04,0,10.6,2.5
2014-08-05,0,11.1,0
2014-08-06,0,12.6,0
2014-08-07,0,10,0
2014-08-08,0,10.6,0
2014-08-09,0,10.2,0
2014-08-10,0,7.5,20.3
2014-08-11,0,9.2,0
2014-08-12,0,11.6,0
2014-08-13,0,13,0
2014-08-14,0,12.2,2.5
2014-08-15,0,13.9,0
2014-08-16,0,13.6,0
2014-08-17,0,12.4,0
2014-08-18,0,12.2,0
2014-08-19,0,11.8,2.5
2014-08-20,0,12.1,2.5
2014-08-21,0,12.6,0
2014-08-22,0,9.6,17.8
2014-08-23,0,8.1,2.5
2014-08-24,0,9.2,0
2014-08-25,0,8.8,2.5
2014-08-26,0,8.7,10.2
2014-08-27,0,8.8,0
2014-08-28,0,8.3,0
2014-08-29,0,9.3,0
2014-08-30,0,9.9,2.5
2014-08-31,0,8.7,2.5
2014-09-01,0,9,0
2014-09-02,0,11.9,0
2014-09-03,0,14.8,0
2014-09-04,0,10.9,5.1
2014-09-05,0,6.6,2.5
2014-09-06,0,7.7,0
2014-09-07,0,8.1,0
2014-09-08,0,9.1,2.5
2014-09-09,0,8.6,2.5
2014-09-10,0,7.3,2.5
2014-09-11,0,5.6,2.5
2014-09-12,0,-0.3,2.5
2014-09-13,0,6.9,0
2014-09-14,0,9,0
2014-09-15,0,8.6,0
2014-09-16,0,10,0
2014-09-17,0,11.3,0
2014-09-18,0,11.1,0
2014-09-19,0,13.6,0
2014-09-20,0,10.1,0
2014-09-21,0,8.4,2.5
2014-09-22,0,9.2,0
2014-09-23,0,9,0
2014-09-24,0,10,0
2014-09-25,0,10.4,0
2014-09-26,0,11.9,0
2014-09-27,0,10,0
2014-09-28,0,7.7,2.5
2014-09-29,0,4.3,7.6
2014-09-30,0,2.8,2.5
2014-10-01,0,2.1,2.5
2014-10-02,0,1.4,0
2014-10-03,0,3.7,2.5
2014-10-04,0,6.6,0
2014-10-05,0,6.3,0
2014-10-06,0,8.1,0
2014-10-07,0,8.6,0
2014-10-08,0,6.7,0
2014-10-09,0,3.1,17.8
2014-10-10,7.6,2.3,0
2014-10-11,5.1,5.4,2.5
2014-10-12,2.5,1.7,0
2014-10-13,0,1.1,0
2014-10-14,0,7.5,0
2014-10-15,0,11.4,0
2014-10-16,0,7.4,0
2014-10-17,0,4.3,0
2014-10-18,0,5.2,0
2014-10-19,0,5.1,0
2014-10-20,0,5.6,2.5
2014-10-21,0,6.5,2.5
2014-10-22,0,3.4,5.1
2014-10-23,0,6.2,0
2014-10-24,0,8.1,0
2014-10-25,0,8.6,0
2014-10-26,0,7.9,0
2014-10-27,0,-2.1,2.5
2014-10-28,5.1,0.7,2.5
2014-10-29,5.1,4.1,0
2014-10-30,2.5,2.4,0
2014-10-31,2.5,4.8,0
2014-11-01,0,7,0
2014-11-02,0,3.9,0
2014-11-03,0,-2.3,0
2014-11-04,5.1,0.5,2.5
2014-11-05,2.5,3.1,0
2014-11-06,0,7.2,0
2014-11-07,0,4.2,5.1
2014-11-08,5.1,3.9,0
2014-11-09,5.1,5.6,0
2014-11-10,5.1,-2.9,5.1
2014-11-11,10.2,-14.9,0
2014-11-12,10.2,-23.4,7.6
2014-11-13,12.7,-6.9,7.6
2014-11-14,22.9,-2.3,5.1
2014-11-15,25.4,-7,7.6
2014-11-16,30.5,-13,0
2014-11-17,30.5,-10.8,2.5
2014-11-18,33,-5.9,0
2014-11-19,33,-2.2,0
2014-11-20,35.6,0.4,0
2014-11-21,35.6,-1.7,0
2014-11-22,35.6,-0.2,2.5
2014-11-23,35.6,-7.7,2.5
2014-11-24,38.1,-10.3,5.1
2014-11-25,40.6,-7.4,7.6
2014-11-26,55.9,-1.5,5.1
2014-11-27,61,2.5,0
2014-11-28,61,4.9,0
2014-11-29,61,2.8,0
2014-11-30,61,-0.1,0
2014-12-01,61,-1.5,0
2014-12-02,61,0.7,0
2014-12-03,61,1,0
2014-12-04,61,1.4,0
2014-12-05,61,-0.7,0
2014-12-06,61,-1.1,0
2014-12-07,61,-0.2,0
2014-12-08,58.4,0.2,2.5
2014-12-09,58.4,-0.4,0
2014-12-10,58.4,0.7,0
2014-12-11,58.4,2.4,0
2014-12-12,58.4,2.4,0
2014-12-13,58.4,1.3,0
2014-12-14,58.4,-3.1,5.1
2014-12-15,63.5,-8.3,0
2014-12-16,63.5,-3,2.5
2014-12-17,66,-4.2,0
2014-12-18,66,-5.6,0
2014-12-19,68.6,-4.9,2.5
2014-12-20,68.6,-3.1,0
2014-12-21,68.6,-3.5,12.7
2014-12-22,83.8,-8.3,5.1
2014-12-23,86.4,-11.4,2.5
2014-12-24,88.9,-3.2,2.5
2014-12-25,91.4,-5.7,7.6
2014-12-26,99.1,-15.3,2.5
2014-12-27,99.1,-12.8,2.5
2014-12-28,106.7,-10.1,2.5
2014-12-29,106.7,-17.8,2.5
2014-12-30,106.7,-23.6,2.5
2014-12-31,106.7,-16.2,0
2015-01-01,111.8,-11.3,2.5
2015-01-02,111.8,-7.1,0
2015-01-03,114.3,-7.3,0
2015-01-04,114.3,-6.8,5.1
2015-01-05,119.4,-0.2,0
2015-01-06,124.5,1.7,0
2015-01-07,124.5,2.1,0
2015-01-08,124.5,0,0
2015-01-09,124.5,-3,0
2015-01-10,124.5,0.4,0
2015-01-11,124.5,-2,0
2015-01-12,127,-5.6,0
2015-01-13,127,-6.1,2.5
2015-01-14,127,-5.9,0
2015-01-15,127,0.9,2.5
2015-01-16,129.5,0.9,0
2015-01-17,129.5,-3.9,2.5
2015-01-18,129.5,0.7,2.5
2015-01-19,132.1,-0.5,0
2015-01-20,132.1,-6.7,0
2015-01-21,132.1,-12.5,10.2
2015-01-22,139.7,-11.7,0
2015-01-23,142.2,-4.8,0
2015-01-24,144.8,-2.2,2.5
2015-01-25,144.8,0.5,2.5
2015-01-26,147.3,3.8,0
2015-01-27,147.3,5.7,0
2015-01-28,147.3,-0.5,0
2015-01-29,147.3,-3.5,0
2015-01-30,147.3,-1.5,0
2015-01-31,149.9,-2.9,2.5
2015-02-01,149.9,-7.2,0
2015-02-02,149.9,-3.4,2.5
2015-02-03,154.9,-0.1,2.5
2015-02-04,154.9,-2.5,17.8
2015-02-05,175.3,1.5,0
2015-02-06,175.3,5.1,0
2015-02-07,175.3,4.3,0
2015-02-08,175.3,2.2,0
2015-02-09,175.3,3.7,0
2015-02-10,175.3,-0.1,2.5
2015-02-11,175.3,-2.6,0
2015-02-12,175.3,1.3,0
2015-02-13,175.3,3.3,0
2015-02-14,175.3,5.3,0
2015-02-15,175.3,-3.5,12.7
2015-02-16,185.4,-10.8,12.7
2015-02-17,200.7,-10.1,5.1
2015-02-18,205.7,-3.1,2.5
2015-02-19,208.3,1.5,0
2015-02-20,210.8,-3.1,10.2
2015-02-21,218.4,-9.7,12.7
2015-02-22,228.6,-18.6,2.5
2015-02-23,233.7,-9.7,5.1
2015-02-24,236.2,-6.5,0
2015-02-25,238.8,-6.9,20.3
2015-02-26,259.1,-15.1,2.5
2015-02-27,261.6,-13.6,2.5
2015-02-28,264.2,-10.7,5.1
2015-03-01,269.2,-4,5.1
2015-03-02,274.3,-0.3,5.1
2015-03-03,279.4,-7.7,2.5
2015-03-04,281.9,-12.9,0
2015-03-05,281.9,-6.6,2.5
2015-03-06,284.5,-0.8,0
2015-03-07,284.5,-0.4,0
2015-03-08,284.5,-2.1,0
2015-03-09,284.5,-0.4,0
2015-03-10,284.5,0.3,0
2015-03-11,284.5,3.8,2.5
2015-03-12,284.5,3.1,0
2015-03-13,284.5,-0.5,2.5
2015-03-14,287,2.4,2.5
2015-03-15,287,8.1,0
2015-03-16,276.9,8.4,0
2015-03-17,276.9,2.8,0
2015-03-18,276.9,4.5,0
2015-03-19,276.9,-2.3,2.5
2015-03-20,279.4,0.4,0
2015-03-21,279.4,3.3,2.5
2015-03-22,279.4,3.2,0
2015-03-23,279.4,2.1,2.5
2015-03-24,281.9,-1.2,5.1
2015-03-25,284.5,-3.2,5.1
2015-03-26,289.6,-0.4,2.5
2015-03-27,289.6,3.8,0
2015-03-28,289.6,7.1,0
2015-03-29,287,5.2,0
2015-03-30,284.5,5.1,0
2015-03-31,279.4,6.4,0
2015-04-01,271.8,3.8,0
2015-04-02,266.7,-3.7,15.2
2015-04-03,281.9,-5.4,5.1
2015-04-04,284.5,2,2.5
2015-04-05,284.5,5.2,0
2015-04-06,284.5,6.5,0
2015-04-07,281.9,3.4,0
2015-04-08,276.9,0.1,0
2015-04-09,274.3,-2.1,0
2015-04-10,274.3,-0.4,0
2015-04-11,274.3,3.2,0
2015-04-12,271.8,2.5,0
2015-04-13,271.8,3.7,0
2015-04-14,266.7,5.5,0
2015-04-15,259.1,1.1,0
2015-04-16,256.5,-2.8,43.2
2015-04-17,292.1,-1.7,35.6
2015-04-18,325.1,-2.2,5.1
2015-04-19,327.7,-1.9,0
2015-04-20,327.7,-1.3,10.2
2015-04-21,335.3,2.2,0
2015-04-22,335.3,3.8,0
2015-04-23,330.2,5,0
2015-04-24,325.1,3.6,2.5
2015-04-25,320,3.5,5.1
2015-04-26,317.5,0.1,15.2
2015-04-27,332.7,-0.1,7.6
2015-04-28,337.8,0.6,0
2015-04-29,340.4,6.9,0
2015-04-30,332.7,8.3,0
2015-05-01,317.5,5.7,0
2015-05-02,307.3,5.4,0
2015-05-03,299.7,5.2,5.1
2015-05-04,292.1,3,12.7
2015-05-05,294.6,2.8,5.1
2015-05-06,287,3.9,0
2015-05-07,281.9,2.5,12.7
2015-05-08,287,1.6,35.6
2015-05-09,317.5,-0.4,15.2
2015-05-10,335.3,-2.9,5.1
2015-05-11,337.8,0.1,0
2015-05-12,335.3,3.7,2.5
2015-05-13,327.7,4.3,0
2015-05-14,325.1,5.6,10.2
2015-05-15,325.1,2.7,15.2
2015-05-16,330.2,1.9,5.1
2015-05-17,330.2,2.8,2.5
2015-05-18,327.7,1.8,12.7
2015-05-19,332.7,0.6,22.9
2015-05-20,353.1,1.7,5.1
2015-05-21,355.6,3.2,2.5
2015-05-22,350.5,2.8,5.1
2015-05-23,350.5,2.2,10.2
2015-05-24,355.6,1.5,10.2
2015-05-25,360.7,3.7,0
2015-05-26,353.1,5.7,0
2015-05-27,337.8,6.7,0
2015-05-28,325.1,6,0
2015-05-29,307.3,4.5,2.5
2015-05-30,287,6.9,0
2015-05-31,264.2,9.5,0
2015-06-01,205.7,9.6,0
2015-06-02,149.9,10.5,0
2015-06-03,124.5,8.1,0
2015-06-04,99.1,9.2,5.1
2015-06-05,81.3,6,10.2
2015-06-06,68.6,7.3,0
2015-06-07,50.8,8.2,0
2015-06-08,35.6,8.9,0
2015-06-09,22.9,9.7,2.5
2015-06-10,15.2,8.9,0
2015-06-11,10.2,7.8,5.1
2015-06-12,0,7.9,0
2015-06-13,0,9,15.2
2015-06-14,0,8.4,0
2015-06-15,0,7.9,7.6
2015-06-16,0,9.3,0
2015-06-17,0,13.1,0
2015-06-18,0,12.1,0
2015-06-19,0,15.6,0
2015-06-20,0,14.6,0
2015-06-21,0,15.7,0
2015-06-22,0,15.1,0
2015-06-23,0,15.4,0
2015-06-24,0,12.9,10.2
2015-06-25,0,14.9,0
2015-06-26,0,10.7,0
2015-06-27,0,12.6,0
2015-06-28,0,11.9,2.5
2015-06-29,0,12.5,0
2015-06-30,0,13.5,7.6
2015-07-01,0,12.8,0
2015-07-02,0,11.5,5.1
2015-07-03,0,12.1,0
2015-07-04,0,13.9,5.1
2015-07-05,0,12.7,20.3
2015-07-06,0,9,22.9
2015-07-07,0,8.2,15.2
2015-07-08,0,7.8,17.8
2015-07-09,0,8.9,2.5
2015-07-10,0,10.9,0
2015-07-11,0,11.7,0
2015-07-12,0,14.9,0
2015-07-13,0,12.1,5.1
2015-07-14,0,10,7.6
2015-07-15,0,11.7,0
2015-07-16,0,12.5,0
2015-07-17,0,13.6,0
2015-07-18,0,10.9,2.5
2015-07-19,0,10.9,0
2015-07-20,0,10.7,0
2015-07-21,0,10.4,0
2015-07-22,0,12.8,0
2015-07-23,0,15.4,0
2015-07-24,0,14.8,0
2015-07-25,0,14.9,0
2015-07-26,0,14.7,0
2015-07-27,0,16.6,0
2015-07-28,0,13.1,0
2015-07-29,0,11.7,0
2015-07-30,0,12.6,0
2015-07-31,0,12.4,0
2015-08-01,0,13.9,0
2015-08-02,0,11.9,7.6
2015-08-03,0,11.5,0
2015-08-04,0,12.4,0
2015-08-05,0,14.9,0
2015-08-06,0,14.5,0
2015-08-07,0,13.3,0
2015-08-08,0,12.5,0
2015-08-09,0,12.8,0
2015-08-10,0,10.8,0
2015-08-11,0,11.3,5.1
2015-08-12,0,14,0
2015-08-13,0,13.8,0
2015-08-14,0,13.8,2.5
2015-08-15,0,16.3,5.1
2015-08-16,0,12.1,0
2015-08-17,0,13,0
2015-08-18,0,8.2,0
2015-08-19,0,6.2,2.5
2015-08-20,0,11.1,0
2015-08-21,0,13.8,0
2015-08-22,0,12.7,0
2015-08-23,0,11,0
2015-08-24,0,14.1,0
2015-08-25,0,13.7,0
2015-08-26,0,14.4,0
2015-08-27,0,11.9,0
2015-08-28,0,11.1,10.2
2015-08-29,0,10.8,0
2015-08-30,0,16.1,0
2015-08-31,0,11.8,0
2015-09-01,0,13.2,0
2015-09-02,0,14.7,0
2015-09-03,0,11.4,2.5
2015-09-04,0,12.1,2.5
2015-09-05,0,12.4,0
2015-09-06,0,12.5,0
2015-09-07,0,9.2,2.5
2015-09-08,0,9.5,0
2015-09-09,0,10.8,0
2015-09-10,0,10.2,0
2015-09-11,0,7.7,0
2015-09-12,0,12.3,0
2015-09-13,0,11.5,0
2015-09-14,0,12,0
2015-09-15,0,11.2,0
2015-09-16,0,10.6,0
2015-09-17,0,8.7,0
2015-09-18,0,6.3,0
2015-09-19,0,7.4,0
2015-09-20,0,10.4,0
2015-09-21,0,11.8,0
2015-09-22,0,9.3,0
2015-09-23,0,9.4,0
2015-09-24,0,8.6,0
2015-09-25,0,9.3,0
2015-09-26,0,10.5,0
2015-09-27,0,11.9,0
2015-09-28,0,11.5,0
2015-09-29,0,8.9,0
2015-09-30,0,9.2,0
2015-10-01,0,8.9,0
2015-10-02,0,7.7,7.6
2015-10-03,0,5,10.2
2015-10-04,0,5.2,0
2015-10-05,0,6.5,0
2015-10-06,0,4.6,7.6
2015-10-07,0,4.4,0
2015-10-08,0,6.5,2.5
2015-10-09,0,7.9,2.5
2015-10-10,0,12.5,0
2015-10-11,0,11.4,0
2015-10-12,0,10,0
2015-10-13,0,10.6,0
2015-10-14,0,9.7,0
2015-10-15,0,5,0
2015-10-16,0,5.6,0
2015-10-17,0,6.5,0
2015-10-18,0,8.2,0
2015-10-19,0,4.7,0
2015-10-20,0,4.4,12.7
2015-10-21,7.6,1.3,12.7
2015-10-22,15.2,1.2,20.3
2015-10-23,27.9,1.1,0
2015-10-24,27.9,0.6,0
2015-10-25,25.4,3.5,0
2015-10-26,25.4,3.3,0
2015-10-27,25.4,0,5.1
2015-10-28,25.4,1,0
2015-10-29,25.4,1.6,0
2015-10-30,25.4,0.3,2.5
2015-10-31,25.4,2.2,0
2015-11-01,25.4,4.7,0
2015-11-02,25.4,5,0
2015-11-03,25.4,6.1,0
2015-11-04,25.4,1.4,10.2
2015-11-05,30.5,-4.2,2.5
2015-11-06,33,-5.6,2.5
2015-11-07,35.6,-2.3,2.5
2015-11-08,35.6,0.9,0
2015-11-09,38.1,2.3,0
2015-11-10,38.1,1.6,7.6
2015-11-11,43.2,-5.9,5.1
2015-11-12,48.3,-3.9,0
2015-11-13,48.3,0.6,0
2015-11-14,48.3,2.5,0
2015-11-15,48.3,1.5,0
2015-11-16,48.3,-1.1,7.6
2015-11-17,55.9,-4.8,0
2015-11-18,55.9,-4.8,5.1
2015-11-19,61,-2.2,2.5
2015-11-20,66,-4.9,10.2
2015-11-21,73.7,-7,2.5
2015-11-22,76.2,0.4,0
2015-11-23,76.2,2.1,0
2015-11-24,76.2,1,0
2015-11-25,76.2,-4.1,0
2015-11-26,76.2,-13,0
2015-11-27,76.2,-13.2,2.5
2015-11-28,76.2,-8.9,0
2015-11-29,76.2,-9.9,2.5
2015-11-30,78.7,-12.7,2.5
2015-12-01,81.3,-7.3,0
2015-12-02,83.8,-2,2.5
2015-12-03,83.8,-2.5,0
2015-12-04,83.8,0.7,0
2015-12-05,83.8,-3.3,0
2015-12-06,83.8,0.1,0
2015-12-07,83.8,1.8,0
2015-12-08,83.8,0.6,0
2015-12-09,83.8,3.8,0
2015-12-10,83.8,1.9,0
2015-12-11,83.8,-2.3,2.5
2015-12-12,86.4,-6.5,7.6
2015-12-13,91.4,-4.3,2.5
2015-12-14,91.4,-4.2,0
2015-12-15,94,-11,15.2
2015-12-16,106.7,-12.2,0
2015-12-17,109.2,-13.4,0
2015-12-18,111.8,-4.6,2.5
2015-12-19,116.8,2.7,2.5
2015-12-20,116.8,-2.1,0
2015-12-21,116.8,-5.2,5.1
2015-12-22,121.9,-4.1,7.6
2015-12-23,129.5,-10.4,5.1
2015-12-24,134.6,-13.9,2.5
2015-12-25,134.6,-10.5,2.5
2015-12-26,137.2,-16.4,0
2015-12-27,137.2,-14.9,2.5
2015-12-28,139.7,-7.9,0
2015-12-29,139.7,-13.2,0
2015-12-30,139.7,-11.1,0
2015-12-31,139.7,-17.1,0
2016-01-01,139.7,-14.9,0
2016-01-02,139.7,-7.6,2.5
2016-01-03,144.8,-2.2,0
2016-01-04,144.8,-4,0
2016-01-05,144.8,-3.1,0
2016-01-06,144.8,-3.6,0
2016-01-07,144.8,-5.3,0
2016-01-08,144.8,-10.2,0
2016-01-09,144.8,-10.3,2.5
2016-01-10,147.3,-8.9,0
2016-01-11,147.3,-4.4,0
2016-01-12,147.3,-4.2,0
2016-01-13,147.3,-0.2,2.5
2016-01-14,147.3,-6.6,0
2016-01-15,149.9,-8.9,2.5
2016-01-16,149.9,-10.5,2.5
2016-01-17,157.5,-6.7,5.1
2016-01-18,160,-2.6,0
2016-01-19,162.6,-4.8,0
2016-01-20,162.6,-6,0
2016-01-21,165.1,-5.6,0
2016-01-22,165.1,1.3,0
2016-01-23,165.1,0.5,0
2016-01-24,165.1,-3.5,0
2016-01-25,165.1,-8.7,0
2016-01-26,165.1,-5.3,2.5
2016-01-27,165.1,0.9,2.5
2016-01-28,167.6,1.9,0
2016-01-29,167.6,-0.6,0
2016-01-30,170.2,-0.2,7.6
2016-01-31,175.3,-9,10.2
2016-02-01,182.9,-10.9,10.2
2016-02-02,195.6,-14.6,2.5
2016-02-03,198.1,-16.3,5.1
2016-02-04,203.2,-9.9,2.5
2016-02-05,208.3,-8.1,0
2016-02-06,208.3,-2.2,2.5
2016-02-07,210.8,-4.8,0
2016-02-08,210.8,-0.9,0
2016-02-09,210.8,1.6,0
2016-02-10,210.8,3,0
2016-02-11,210.8,1.9,0
2016-02-12,210.8,3.5,0
2016-02-13,210.8,2.6,0
2016-02-14,210.8,-3.2,2.5
2016-02-15,210.8,-2.6,7.6
2016-02-16,221,-0.3,2.5
2016-02-17,226.1,5.1,2.5
2016-02-18,226.1,2.8,0
2016-02-19,228.6,0.2,0
2016-02-20,228.6,1.6,0
2016-02-21,228.6,-2.3,0
2016-02-22,228.6,-4.2,15.2
2016-02-23,238.8,-8.3,5.1
2016-02-24,243.8,-5.1,0
2016-02-25,248.9,-1,2.5
2016-02-26,248.9,2.1,0
2016-02-27,248.9,2.9,0
2016-02-28,248.9,0.5,0
2016-02-29,248.9,-1.7,5.1
2016-03-01,251.5,-2.4,0
2016-03-02,254,-0.7,2.5
2016-03-03,256.5,1.2,0
2016-03-04,256.5,1.3,0
2016-03-05,256.5,1.9,2.5
2016-03-06,256.5,3,0
2016-03-07,256.5,-3.1,2.5
2016-03-08,259.1,-5.6,2.5
2016-03-09,261.6,-3.6,2.5
2016-03-10,261.6,1.5,2.5
2016-03-11,264.2,4.3,0
2016-03-12,261.6,2.7,0
2016-03-13,259.1,1.8,0
2016-03-14,259.1,-1.6,7.6
2016-03-15,266.7,-8.4,5.1
2016-03-16,269.2,-8.1,7.6
2016-03-17,276.9,-6.8,15.2
2016-03-18,292.1,-11.1,10.2
2016-03-19,302.3,-10.9,0
2016-03-20,302.3,0.2,5.1
2016-03-21,307.3,5.3,2.5
2016-03-22,307.3,4,2.5
2016-03-23,309.9,-5.4,22.9
2016-03-24,330.2,-4.3,2.5
2016-03-25,332.7,-5.5,2.5
2016-03-26,335.3,-10.7,2.5
2016-03-27,337.8,-3.4,2.5
2016-03-28,340.4,1.5,0
2016-03-29,340.4,0.4,2.5
2016-03-30,342.9,-5,2.5
2016-03-31,348,-7.1,5.1
2016-04-01,353.1,-4.4,2.5
2016-04-02,353.1,1.5,2.5
2016-04-03,353.1,3.5,0
2016-04-04,353.1,4.9,0
2016-04-05,348,-0.6,2.5
2016-04-06,350.5,2.1,2.5
2016-04-07,350.5,3.1,0
2016-04-08,345.4,2.4,0
2016-04-09,340.4,5.4,0
2016-04-10,335.3,2.7,0
2016-04-11,335.3,1.1,0
2016-04-12,335.3,3.9,2.5
2016-04-13,335.3,4.4,0
2016-04-14,330.2,6.4,0
2016-04-15,317.5,-0.6,22.9
2016-04-16,337.8,-4.3,40.6
2016-04-17,375.9,-5.2,10.2
2016-04-18,386.1,-5.1,2.5
2016-04-19,388.6,-2.8,2.5
2016-04-20,391.2,1,2.5
2016-04-21,396.2,2.9,0
2016-04-22,396.2,5.7,0
2016-04-23,393.7,5.5,2.5
2016-04-24,391.2,1.3,0
2016-04-25,391.2,4,2.5
2016-04-26,388.6,-1.1,10.2
2016-04-27,396.2,-1.2,0
2016-04-28,396.2,-3.6,2.5
2016-04-29,396.2,-3.4,10.2
2016-04-30,406.4,-4.7,12.7
2016-05-01,416.6,-5.7,0
2016-05-02,419.1,-0.5,5.1
2016-05-03,419.1,3.1,0
2016-05-04,411.5,5.4,0
2016-05-05,403.9,8.1,0
2016-05-06,391.2,7.2,0
2016-05-07,381,1.2,2.5
2016-05-08,381,1.8,5.1
2016-05-09,375.9,2.7,10.2
2016-05-10,375.9,2.2,5.1
2016-05-11,365.8,1.5,0
2016-05-12,363.2,5.5,0
2016-05-13,348,6.4,0
2016-05-14,332.7,5.8,0
2016-05-15,312.4,4.4,2.5
2016-05-16,309.9,0.5,10.2
2016-05-17,317.5,-0.4,7.6
2016-05-18,322.6,2,7.6
2016-05-19,327.7,6.3,0
2016-05-20,312.4,8.2,0
2016-05-21,299.7,8.5,0
2016-05-22,279.4,7.1,0
2016-05-23,264.2,3.8,0
2016-05-24,254,5.5,0
2016-05-25,238.8,5.2,0
2016-05-26,223.5,2.7,5.1
2016-05-27,221,2.7,5.1
2016-05-28,223.5,5.5,0
2016-05-29,195.6,6.2,0
2016-05-30,175.3,6.9,0
2016-05-31,149.9,5.5,0
2016-06-01,116.8,6.6,0
2016-06-02,91.4,9.4,0
2016-06-03,63.5,10.6,0
2016-06-04,38.1,8.8,0
2016-06-05,22.9,9.2,2.5
2016-06-06,7.6,9.8,0
2016-06-07,0,10.7,0
2016-06-08,0,10,0
2016-06-09,0,13.6,0
2016-06-10,0,13.9,0
2016-06-11,0,12.4,0
2016-06-12,0,10.3,5.1
2016-06-13,0,7.4,5.1
2016-06-14,0,8.7,0
2016-06-15,0,13.5,0
2016-06-16,0,15.1,0
2016-06-17,0,13.6,0
2016-06-18,0,13.8,0
2016-06-19,0,15.6,0
2016-06-20,0,13.8,0
2016-06-21,0,17.3,0
2016-06-22,0,14.2,7.6
2016-06-23,0,12.9,2.5
2016-06-24,0,14.6,0
2016-06-25,0,13.6,0
2016-06-26,0,13.4,0
2016-06-27,0,13.7,0
2016-06-28,0,13.9,0
2016-06-29,0,14.1,0
2016-06-30,0,10.4,17.8
2016-07-01,0,10.2,2.5
2016-07-02,0,9.7,2.5
2016-07-03,0,12.8,0
2016-07-04,0,15.6,0
2016-07-05,0,13.6,0
2016-07-06,0,14.5,0
2016-07-07,0,13.9,0
2016-07-08,0,13.4,0
2016-07-09,0,15.7,0
2016-07-10,0,18.1,0
2016-07-11,0,13.6,0
2016-07-12,0,13.4,0
2016-07-13,0,13.8,0
2016-07-14,0,12.3,0
2016-07-15,0,11.6,0
2016-07-16,0,14.5,0
2016-07-17,0,13.8,0
2016-07-18,0,13.8,0
2016-07-19,0,16.3,0
2016-07-20,0,15.3,2.5
2016-07-21,0,14.2,0
2016-07-22,0,17.2,0
2016-07-23,0,16.9,0
2016-07-24,0,14.9,0
2016-07-25,0,14.9,0
2016-07-26,0,15.7,0
2016-07-27,0,16.3,0
2016-07-28,0,13.8,0
2016-07-29,0,13.3,0
2016-07-30,0,14.9,0
2016-07-31,0,12.7,7.6
2016-08-01,0,14.1,0
2016-08-02,0,12.9,0
2016-08-03,0,15.6,0
2016-08-04,0,9.9,2.5
2016-08-05,0,8.4,5.1
2016-08-06,0,11.5,0
2016-08-07,0,13.4,0
2016-08-08,0,13.3,0
2016-08-09,0,13,2.5
2016-08-10,0,13.1,0
2016-08-11,0,13.5,2.5
2016-08-12,0,10.2,0
2016-08-13,0,10.9,0
2016-08-14,0,11.9,0
2016-08-15,0,12.3,0
2016-08-16,0,11.4,0
2016-08-17,0,12.1,0
2016-08-18,0,10.2,20.3
2016-08-19,0,7.8,12.7
2016-08-20,0,7.3,0
2016-08-21,0,11.1,0
2016-08-22,0,12.3,2.5
2016-08-23,0,11.1,2.5
2016-08-24,0,6.3,7.6
2016-08-25,0,6,2.5
2016-08-26,0,8.4,0
2016-08-27,0,10.7,0
2016-08-28,0,9.8,0
2016-08-29,0,9,5.1
2016-08-30,0,8,7.6
2016-08-31,0,9,0
2016-09-01,0,11.2,2.5
2016-09-02,0,10.6,0
2016-09-03,0,11.6,2.5
2016-09-04,0,8.7,0
2016-09-05,0,10.7,0
2016-09-06,0,10,0
2016-09-07,0,12.2,0
2016-09-08,0,12.2,0
2016-09-09,0,7.6,0
2016-09-10,0,9.9,2.5
2016-09-11,0,13.1,0
2016-09-12,0,9.2,0
2016-09-13,0,7,2.5
2016-09-14,0,7.6,0
2016-09-15,0,6.1,0
2016-09-16,0,4.1,0
2016-09-17,0,7.8,0
2016-09-18,0,11.9,0
2016-09-19,0,12.8,0
2016-09-20,0,12.7,2.5
2016-09-21,0,10.5,0
2016-09-22,0,10.3,0
2016-09-23,0,8.3,0
2016-09-24,0,2.8,0
2016-09-25,0,4.3,0
2016-09-26,0,5.5,0
2016-09-27,0,8.1,0
2016-09-28,0,7.4,0
2016-09-29,0,10.9,0
2016-09-30,0,8.1,0
2016-10-01,0,7.7,0
2016-10-02,0,8.1,0
2016-10-03,0,4.1,0
2016-10-04,0,0.3,0
2016-10-05,0,1.8,0
2016-10-06,0,-0.7,10.2
2016-10-07,10.2,1.6,0
2016-10-08,10.2,5.8,0
2016-10-09,0,7.5,0
2016-10-10,0,7.9,0
2016-10-11,0,5.5,7.6
2016-10-12,7.6,3.5,2.5
2016-10-13,0,7.2,0
2016-10-14,0,10.6,0
2016-10-15,0,10.1,0
2016-10-16,0,10,0
2016-10-17,0,6.3,0
2016-10-18,0,2.5,2.5
2016-10-19,5.1,-0.9,0
2016-10-20,5.1,2.5,0
2016-10-21,0,5.5,0
2016-10-22,0,8.3,0
2016-10-23,0,6.3,0
2016-10-24,0,7.8,0
2016-10-25,0,5.4,2.5
2016-10-26,0,6,0
2016-10-27,0,9.1,0
2016-10-28,0,9.2,0
2016-10-29,0,6.7,0
2016-10-30,0,8.2,0
2016-10-31,0,7.4,0
2016-11-01,0,3.9,2.5
2016-11-02,0,1.2,0
2016-11-03,0,2,0
2016-11-04,0,2.8,0
2016-11-05,0,2.7,0
2016-11-06,0,4.5,0
2016-11-07,0,2.6,0
2016-11-08,0,0.8,0
2016-11-09,0,3.4,0
2016-11-10,0,3.3,0
2016-11-11,0,0.7,0
2016-11-12,0,4.9,2.5
2016-11-13,0,3.4,0
2016-11-14,0,5.9,0
2016-11-15,0,8.5,0
2016-11-16,0,8.1,0
2016-11-17,0,-5.5,17.8
2016-11-18,22.9,-9.1,0
2016-11-19,22.9,4.1,5.1
2016-11-20,27.9,3.3,0
2016-11-21,27.9,2.1,0
2016-11-22,30.5,-1.8,0
2016-11-23,30.5,-1,2.5
2016-11-24,30.5,-6.7,2.5
2016-11-25,30.5,-2.1,2.5
2016-11-26,33,-0.3,0
2016-11-27,33,-3.8,0
2016-11-28,33,-7.8,0
2016-11-29,33,-9.8,0
2016-11-30,33,-10,0
2016-12-01,33,-8.9,0
2016-12-02,33,-12.7,2.5
2016-12-03,35.6,-8.5,2.5
2016-12-04,38.1,-4.1,2.5
2016-12-05,40.6,-8,5.1
2016-12-06,43.2,-13.4,12.7
2016-12-07,55.9,-17,0
2016-12-08,55.9,-14,7.6
2016-12-09,66,-2.6,5.1
2016-12-10,73.7,0,10.2
2016-12-11,86.4,-4.3,12.7
2016-12-12,94,-4.3,0
2016-12-13,94,-6.1,0
2016-12-14,96.5,-2,20.3
2016-12-15,116.8,2.1,0
2016-12-16,116.8,-1.2,7.6
2016-12-17,124.5,-15.7,0
2016-12-18,124.5,-13.2,0
2016-12-19,124.5,-4.3,2.5
2016-12-20,127,0.1,2.5
2016-12-21,127,-2.6,0
2016-12-22,127,-2,0
2016-12-23,127,-2,0
2016-12-24,129.5,0.5,0
2016-12-25,129.5,-6.9,0
2016-12-26,132.1,-8.2,2.5
2016-12-27,132.1,-1.6,2.5
2016-12-28,134.6,-5.8,7.6
2016-12-29,142.2,-4.1,2.5
2016-12-30,144.8,-0.4,0
2016-12-31,144.8,-2.7,0
2017-01-01,144.8,-4.2,0
2017-01-02,144.8,-4.7,0
2017-01-03,144.8,-8.7,5.1
2017-01-04,149.9,-10,22.9
2017-01-05,170.2,-19.7,12.7
2017-01-06,180.3,-19.1,5.1
2017-01-07,190.5,-7,2.5
2017-01-08,195.6,-1.2,12.7
2017-01-09,205.7,-0.2,17.8
2017-01-10,223.5,-5.5,7.6
2017-01-11,233.7,-4.2,15.2
2017-01-12,246.4,-5.2,5.1
2017-01-13,251.5,-3.6,0
2017-01-14,251.5,-6.2,0
2017-01-15,251.5,-5,2.5
2017-01-16,254,-4.6,5.1
2017-01-17,259.1,-6.1,0
2017-01-18,259.1,-4.9,0
2017-01-19,259.1,0.3,2.5
2017-01-20,261.6,-4.9,0
2017-01-21,261.6,-7.3,0
2017-01-22,261.6,-6.7,0
2017-01-23,261.6,-3.7,2.5
2017-01-24,264.2,-9.8,0
2017-01-25,264.2,-12.6,0
2017-01-26,264.2,-15.1,0
2017-01-27,264.2,-9,0
2017-01-28,264.2,-3.8,2.5
2017-01-29,264.2,-0.4,0
2017-01-30,264.2,-0.5,0
2017-01-31,264.2,0.4,0
2017-02-01,264.2,0.6,0
2017-02-02,264.2,-2,10.2
2017-02-03,271.8,-1.9,0
2017-02-04,274.3,-2,10.2
2017-02-05,281.9,0.4,0
2017-02-06,281.9,-0.3,0
2017-02-07,281.9,-1,17.8
2017-02-08,299.7,-1.3,7.6
2017-02-09,307.3,4.3,0
2017-02-10,307.3,6,0
2017-02-11,307.3,1.2,0
2017-02-12,307.3,-1.4,0
2017-02-13,307.3,-2.9,0
2017-02-14,307.3,-7.1,0
2017-02-15,307.3,-0.7,0
2017-02-16,307.3,5.1,2.5
2017-02-17,307.3,1.8,0
2017-02-18,307.3,1.9,0
2017-02-19,307.3,1,2.5
2017-02-20,309.9,-0.2,0
2017-02-21,309.9,3.2,0
2017-02-22,309.9,1,0
2017-02-23,312.4,-9.1,10.2
2017-02-24,322.6,-14,2.5
2017-02-25,325.1,-13.3,5.1
2017-02-26,332.7,-10.8,0
2017-02-27,332.7,-4.6,5.1
2017-02-28,335.3,-8.4,0
2017-03-01,335.3,-10,0
2017-03-02,335.3,-5.4,0
2017-03-03,335.3,-2.4,0
2017-03-04,335.3,2.3,2.5
2017-03-05,335.3,2.8,0
2017-03-06,335.3,-10.2,2.5
2017-03-07,335.3,-7.9,2.5
2017-03-08,340.4,0.4,2.5
2017-03-09,342.9,2.8,0
2017-03-10,342.9,4.3,0
2017-03-11,342.9,0.4,2.5
2017-03-12,345.4,-0.4,0
2017-03-13,348,0.2,2.5
2017-03-14,348,4.8,0
2017-03-15,348,5.5,0
2017-03-16,348,6.6,0
2017-03-17,345.4,4.7,0
2017-03-18,340.4,8,0
2017-03-19,330.2,7.8,0
2017-03-20,325.1,5.8,0
2017-03-21,322.6,4.7,0
2017-03-22,315,7.6,0
2017-03-23,304.8,4.1,2.5
2017-03-24,302.3,-1,2.5
2017-03-25,304.8,3.7,2.5
2017-03-26,304.8,0.5,0
2017-03-27,304.8,1,2.5
2017-03-28,302.3,-0.6,22.9
2017-03-29,327.7,-0.2,0
2017-03-30,327.7,2.3,10.2
2017-03-31,335.3,-1.9,7.6
2017-04-01,342.9,-2.3,0
2017-04-02,345.4,1.3,2.5
2017-04-03,348,-2.2,15.2
2017-04-04,360.7,-5.4,20.3
2017-04-05,383.5,-3.2,5.1
2017-04-06,386.1,2.6,0
2017-04-07,386.1,6.4,0
2017-04-08,378.5,6.5,0
2017-04-09,373.4,-3.1,0
2017-04-10,370.8,-1,2.5
2017-04-11,370.8,2.8,0
2017-04-12,368.3,5.3,0
2017-04-13,360.7,6.6,0
2017-04-14,345.4,8.7,0
2017-04-15,330.2,3.6,0
2017-04-16,320,4.1,0
2017-04-17,312.4,6.2,0
2017-04-18,299.7,6.2,0
2017-04-19,287,3.2,2.5
2017-04-20,284.5,0.7,7.6
2017-04-21,287,-1.2,7.6
2017-04-22,292.1,-1.4,2.5
2017-04-23,294.6,7.1,0
2017-04-24,287,3.8,2.5
2017-04-25,279.4,-0.5,0
2017-04-26,271.8,-1.3,7.6
2017-04-27,276.9,-2,7.6
2017-04-28,281.9,-4.8,10.2
2017-04-29,294.6,-8,10.2
2017-04-30,304.8,-2.2,7.6
2017-05-01,312.4,2.1,0
2017-05-02,309.9,0.6,2.5
2017-05-03,309.9,0.7,2.5
2017-05-04,309.9,6.2,0
2017-05-05,299.7,7.4,0
2017-05-06,289.6,9.8,0
2017-05-07,269.2,6.8,5.1
2017-05-08,256.5,4.3,12.7
2017-05-09,246.4,4.9,0
2017-05-10,226.1,2.2,17.8
2017-05-11,238.8,3.3,0
2017-05-12,231.1,6.4,0
2017-05-13,205.7,9.9,0
2017-05-14,185.4,6.1,0
2017-05-15,157.5,7.5,2.5
2017-05-16,132.1,4.1,0
2017-05-17,127,3.1,17.8
2017-05-18,129.5,-2.3,55.9
2017-05-19,188,-3,10.2
2017-05-20,190.5,0.1,2.5
2017-05-21,195.6,2.5,5.1
2017-05-22,198.1,1.9,7.6
2017-05-23,203.2,2.7,2.5
2017-05-24,193,9.8,0
2017-05-25,177.8,6.7,5.1
2017-05-26,162.6,5.5,2.5
2017-05-27,149.9,1.9,2.5
2017-05-28,147.3,4.6,2.5
2017-05-29,137.2,4.1,0
2017-05-30,127,6.2,0
2017-05-31,106.7,7.7,2.5
2017-06-01,81.3,7.7,0
2017-06-02,61,8.3,2.5
2017-06-03,43.2,6.4,0
2017-06-04,30.5,9.1,0
2017-06-05,7.6,9.3,0
2017-06-06,0,7.2,7.6
2017-06-07,0,9.5,0
2017-06-08,0,10.2,0
2017-06-09,0,14.7,0
2017-06-10,0,15.9,0
2017-06-11,0,13,0
2017-06-12,0,12.1,0
2017-06-13,0,8.7,0
2017-06-14,0,9.8,0
2017-06-15,0,10.9,0
2017-06-16,0,13.1,0
2017-06-17,0,13,0
2017-06-18,0,11.7,0
2017-06-19,0,11.6,0
2017-06-20,0,15.4,0
2017-06-21,0,15.9,0
2017-06-22,0,13.7,0
2017-06-23,0,6.4,2.5
2017-06-24,0,7.2,0
2017-06-25,0,9,0
2017-06-26,0,11.2,0
2017-06-27,0,14.4,0
2017-06-28,0,12.8,0
2017-06-29,0,11,2.5
2017-06-30,0,7.3,0
2017-07-01,0,10.9,0
2017-07-02,0,13.6,0
2017-07-03,0,13.5,0
2017-07-04,0,13,2.5
2017-07-05,0,14.5,0
2017-07-06,0,15.8,0
2017-07-07,0,13,0
2017-07-08,0,12.1,0
2017-07-09,0,13.1,0
2017-07-10,0,15.5,0
2017-07-11,0,15.9,0
2017-07-12,0,10.2,2.5
2017-07-13,0,12.4,0
2017-07-14,0,12.6,0
2017-07-15,0,11.6,0
2017-07-16,0,12.7,0
2017-07-17,0,15,0
2017-07-18,0,15.3,0
2017-07-19,0,16,0
2017-07-20,0,15.1,0
2017-07-21,0,13.8,5.1
2017-07-22,0,12.4,5.1
2017-07-23,0,12,5.1
2017-07-24,0,15.5,2.5
2017-07-25,0,13.2,5.1
2017-07-26,0,11.4,7.6
2017-07-27,0,12.3,0
2017-07-28,0,12.7,2.5
2017-07-29,0,10.8,5.1
2017-07-30,0,10.2,5.1
2017-07-31,0,11.1,0
2017-08-01,0,10,2.5
2017-08-02,0,12.5,5.1
2017-08-03,0,9.3,0
2017-08-04,0,14.3,0
2017-08-05,0,11.9,0
2017-08-06,0,10.4,2.5
2017-08-07,0,7.4,20.3
2017-08-08,0,9.9,0
2017-08-09,0,7.8,0
2017-08-10,0,8.9,7.6
2017-08-11,0,9.8,0
2017-08-12,0,12.4,0
2017-08-13,0,11.6,0
2017-08-14,0,10.9,5.1
2017-08-15,0,10.3,0
2017-08-16,0,8.2,0
2017-08-17,0,10.8,0
2017-08-18,0,11.7,0
2017-08-19,0,13.3,0
2017-08-20,0,12.7,0
2017-08-21,0,11.4,2.5
2017-08-22,0,10.7,5.1
2017-08-23,0,9.5,2.5
2017-08-24,0,8.1,7.6
2017-08-25,0,11.3,0
2017-08-26,0,12.4,0
2017-08-27,0,11.1,0
2017-08-28,0,12.2,0
2017-08-29,0,11.1,0
2017-08-30,0,11.9,0
2017-08-31,0,12.1,0
2017-09-01,0,11.1,0
2017-09-02,0,13.5,0
2017-09-03,0,13.9,0
2017-09-04,0,12.3,0
2017-09-05,0,7.1,0
2017-09-06,0,8.4,0
2017-09-07,0,10.3,0
2017-09-08,0,12,2.5
2017-09-09,0,13,0
2017-09-10,0,11.6,0
2017-09-11,0,10.5,0
2017-09-12,0,13.4,0
2017-09-13,0,12.9,0
2017-09-14,0,10.3,5.1
2017-09-15,0,9.4,0
2017-09-16,0,6,0
2017-09-17,0,5.8,0
2017-09-18,0,8.9,2.5
2017-09-19,0,11.6,0
2017-09-20,0,9.3,0
2017-09-21,0,12,0
2017-09-22,0,8.7,0
2017-09-23,0,3.8,10.2
2017-09-24,0,1,15.2
2017-09-25,12.7,0.6,2.5
2017-09-26,10.2,1.1,2.5
2017-09-27,7.6,2.7,5.1
2017-09-28,0,2.3,15.2
2017-09-29,7.6,3.9,0
2017-09-30,0,4.9,2.5
2017-10-01,0,2.8,17.8
2017-10-02,10.2,0.1,17.8
2017-10-03,20.3,0.5,0
2017-10-04,20.3,4.7,0
2017-10-05,17.8,4.1,0
2017-10-06,10.2,2,5.1
2017-10-07,17.8,6.2,0
2017-10-08,10.2,5.8,0
2017-10-09,10.2,-4.9,15.2
2017-10-10,22.9,-0.8,2.5
2017-10-11,25.4,7.4,0
2017-10-12,25.4,6.3,0
2017-10-13,20.3,3.2,0
2017-10-14,17.8,1.1,0
2017-10-15,17.8,4.1,0
2017-10-16,17.8,5.9,0
2017-10-17,17.8,7.3,0
2017-10-18,15.2,6.4,0
2017-10-19,10.2,7.1,2.5
2017-10-20,7.6,7.8,0
2017-10-21,0,-2.7,0
2017-10-22,0,3.6,0
2017-10-23,0,3.7,0
2017-10-24,0,4.9,0
2017-10-25,0,8.2,2.5
2017-10-26,0,-1.3,0
2017-10-27,0,-1.2,2.5
2017-10-28,10.2,1.9,0
2017-10-29,10.2,3.5,0
2017-10-30,10.2,-6.3,0
2017-10-31,10.2,1,10.2
2017-11-01,17.8,4.2,0
2017-11-02,17.8,5.3,0
2017-11-03,17.8,4.7,0
2017-11-04,17.8,3.4,0
2017-11-05,17.8,0.6,10.2
2017-11-06,27.9,0.7,5.1
2017-11-07,30.5,-4.3,12.7
2017-11-08,43.2,-2.5,0
2017-11-09,43.2,0.9,2.5
2017-11-10,45.7,4.4,0
2017-11-11,45.7,1.3,0
2017-11-12,45.7,0.6,0
2017-11-13,45.7,5.4,0
2017-11-14,45.7,4.3,0
2017-11-15,43.2,3,0
2017-11-16,43.2,5.7,0
2017-11-17,43.2,0.5,10.2
2017-11-18,50.8,-5.8,0
2017-11-19,50.8,-0.5,0
2017-11-20,50.8,2,2.5
2017-11-21,53.3,0.5,5.1
2017-11-22,58.4,4.3,2.5
2017-11-23,61,5.5,0
2017-11-24,61,4.3,0
2017-11-25,61,3.4,0
2017-11-26,61,5.6,0
2017-11-27,61,6.7,0
2017-11-28,58.4,-2.3,0
2017-11-29,58.4,1.7,0
2017-11-30,58.4,1.9,0
2017-12-01,58.4,2.3,0
2017-12-02,58.4,3.3,0
2017-12-03,58.4,3.1,0
2017-12-04,58.4,-9.1,2.5
2017-12-05,55.9,-5.7,5.1
2017-12-06,58.4,-10.5,0
2017-12-07,58.4,-8.8,0
2017-12-08,58.4,-1,0
2017-12-09,58.4,1.3,2.5
2017-12-10,61,2.5,0
2017-12-11,61,2.4,0
2017-12-12,61,4.3,0
2017-12-13,61,0.1,0
2017-12-14,61,-6.5,5.1
2017-12-15,63.5,1.4,0
2017-12-16,63.5,-1.8,0
2017-12-17,63.5,-3.8,0
2017-12-18,63.5,1.4,0
2017-12-19,63.5,0.5,0
2017-12-20,63.5,1,0
2017-12-21,63.5,-9.8,2.5
2017-12-22,66,-6.9,2.5
2017-12-23,68.6,-7.1,10.2
2017-12-24,78.7,-9.9,5.1
2017-12-25,83.8,-4.9,17.8
2017-12-26,101.6,-4.3,5.1
2017-12-27,106.7,-2.3,0
2017-12-28,106.7,-0.7,0
2017-12-29,106.7,2.1,0
2017-12-30,106.7,1.8,0
2017-12-31,106.7,-4.1,0
2018-01-01,106.7,-3.3,0
2018-01-02,106.7,-3.5,0
2018-01-03,106.7,0.2,2.5
2018-01-04,106.7,-0.7,0
2018-01-05,106.7,0.6,0
2018-01-06,106.7,0.4,2.5
2018-01-07,109.2,-1.1,0
2018-01-08,109.2,3.3,0
2018-01-09,109.2,3.5,2.5
2018-01-10,109.2,-0.6,0
2018-01-11,111.8,-8.1,2.5
2018-01-12,114.3,-4.9,5.1
2018-01-13,119.4,-4.7,2.5
2018-01-14,121.9,-1.7,0
2018-01-15,121.9,-8.6,0
2018-01-16,121.9,-8,0
2018-01-17,121.9,-0.1,0
2018-01-18,124.5,4.3,2.5
2018-01-19,124.5,4.2,0
2018-01-20,124.5,-1.2,0
2018-01-21,124.5,-10.2,10.2
2018-01-22,134.6,-9.2,2.5
2018-01-23,134.6,-8.2,2.5
2018-01-24,137.2,-1.9,0
2018-01-25,137.2,1.5,0
2018-01-26,137.2,-8.9,0
2018-01-27,137.2,-7.6,2.5
2018-01-28,137.2,-4.4,0
2018-01-29,139.7,-0.2,0
2018-01-30,142.2,2.4,2.5
2018-01-31,142.2,0.5,0
2018-02-01,142.2,-3.1,10.2
2018-02-02,152.4,-0.1,0
2018-02-03,157.5,-1.4,5.1
2018-02-04,160,-0.8,2.5
2018-02-05,165.1,-2.8,12.7
2018-02-06,175.3,-5.2,0
2018-02-07,175.3,-3.5,0
2018-02-08,175.3,-0.6,2.5
2018-02-09,175.3,-0.9,7.6
2018-02-10,182.9,-7.2,12.7
2018-02-11,193,-9.7,2.5
2018-02-12,195.6,-5.4,2.5
2018-02-13,198.1,-1.9,2.5
2018-02-14,200.7,-0.2,0
2018-02-15,200.7,-5.5,2.5
2018-02-16,203.2,-6,0
2018-02-17,203.2,-3.4,2.5
2018-02-18,205.7,0.9,0
2018-02-19,205.7,-7.2,0
2018-02-20,205.7,-14.4,0
2018-02-21,205.7,-14.5,0
2018-02-22,205.7,-11.5,0
2018-02-23,205.7,-10.5,7.6
2018-02-24,213.4,-13.3,2.5
2018-02-25,215.9,-11.3,0
2018-02-26,218.4,-3.8,2.5
2018-02-27,218.4,-2.1,0
2018-02-28,218.4,-4.3,2.5
2018-03-01,221,-2.1,0
2018-03-02,221,1.5,0
2018-03-03,221,1.8,0
2018-03-04,221,-1.6,0
2018-03-05,221,-12,0
2018-03-06,221,-8,0
2018-03-07,221,-3.6,0
2018-03-08,221,0.4,2.5
2018-03-09,223.5,0.1,0
2018-03-10,223.5,-4.5,5.1
2018-03-11,226.1,-5.6,0
2018-03-12,226.1,-1.3,0
2018-03-13,226.1,-3.4,0
2018-03-14,226.1,1.3,2.5
2018-03-15,228.6,0.9,2.5
2018-03-16,231.1,-3.8,0
2018-03-17,231.1,-1.3,0
2018-03-18,231.1,-3.9,2.5
2018-03-19,233.7,-5.8,2.5
2018-03-20,236.2,-5.5,2.5
2018-03-21,238.8,0.5,0
2018-03-22,238.8,4.7,2.5
2018-03-23,238.8,2,2.5
2018-03-24,241.3,2.3,2.5
2018-03-25,243.8,1.9,0
2018-03-26,243.8,-1.7,10.2
2018-03-27,251.5,-3.5,2.5
2018-03-28,254,-3.5,7.6
2018-03-29,261.6,-4.5,2.5
2018-03-30,266.7,0.6,2.5
2018-03-31,269.2,2.5,0
2018-04-01,269.2,3.2,7.6
2018-04-02,274.3,4.5,2.5
2018-04-03,274.3,-5.6,0
2018-04-04,274.3,0.7,0
2018-04-05,274.3,1.7,0
2018-04-06,274.3,-3.1,17.8
2018-04-07,292.1,1.8,10.2
2018-04-08,294.6,-0.8,10.2
2018-04-09,304.8,-1.3,5.1
2018-04-10,307.3,3.7,0
2018-04-11,304.8,7.9,0
2018-04-12,297.2,5.5,0
2018-04-13,289.6,-5.8,0
2018-04-14,289.6,-2.7,2.5
2018-04-15,287,1.3,2.5
2018-04-16,289.6,6.1,0
2018-04-17,281.9,-0.4,0
2018-04-18,279.4,-2.3,0
2018-04-19,284.5,0,2.5
2018-04-20,271.8,-0.6,5.1
2018-04-21,274.3,-1.2,7.6
2018-04-22,279.4,3.4,0
2018-04-23,279.4,4.7,2.5
2018-04-24,271.8,-3.7,10.2
2018-04-25,284.5,2.8,2.5
2018-04-26,284.5,0.9,0
2018-04-27,284.5,4.1,0
2018-04-28,276.9,6.6,0
2018-04-29,261.6,8.4,0
2018-04-30,246.4,5.3,0
2018-05-01,233.7,2.1,0
2018-05-02,228.6,0.8,27.9
2018-05-03,256.5,0.7,22.9
2018-05-04,274.3,3,0
2018-05-05,269.2,6.5,0
2018-05-06,261.6,6.9,0
2018-05-07,251.5,8.2,0
2018-05-08,238.8,7.7,0
2018-05-09,221,8.3,0
2018-05-10,203.2,9.6,0
2018-05-11,177.8,7,0
2018-05-12,162.6,6,0
2018-05-13,142.2,4.5,10.2
2018-05-14,137.2,4.1,2.5
2018-05-15,127,5.2,0
2018-05-16,111.8,7.6,0
2018-05-17,86.4,10.3,0
2018-05-18,58.4,4.5,0
2018-05-19,45.7,1.8,15.2
2018-05-20,55.9,3,2.5
2018-05-21,43.2,6.9,0
2018-05-22,15.2,7.2,0
2018-05-23,0,7.9,0
2018-05-24,0,8.2,0
2018-05-25,0,9.6,0
2018-05-26,0,12.8,0
2018-05-27,0,11.5,0
2018-05-28,0,6.1,0
2018-05-29,0,6.6,0
2018-05-30,0,9.4,0
2018-05-31,0,12.7,0
2018-06-01,0,12.3,0
2018-06-02,0,8.7,0
2018-06-03,0,9.5,0
2018-06-04,0,14,0
2018-06-05,0,14.5,0
2018-06-06,0,13.4,0
2018-06-07,0,12.9,0
2018-06-08,0,12.9,0
2018-06-09,0,14,0
2018-06-10,0,16.3,0
2018-06-11,0,12.5,0
2018-06-12,0,12.3,0
2018-06-13,0,14.4,0
2018-06-14,0,15.7,0
2018-06-15,0,15.1,0
2018-06-16,0,11.3,2.5
2018-06-17,0,8.5,33
2018-06-18,0,10.5,0
2018-06-19,0,9,0
2018-06-20,0,8.9,0
2018-06-21,0,13.1,0
2018-06-22,0,11.4,0
2018-06-23,0,10.2,0
2018-06-24,0,6,5.1
2018-06-25,0,11.4,0
2018-06-26,0,16.2,0
2018-06-27,0,16.3,0
2018-06-28,0,17.4,0
2018-06-29,0,15.4,0
2018-06-30,0,8.4,2.5
2018-07-01,0,10.7,0
2018-07-02,0,13.7,0
2018-07-03,0,14.2,0
2018-07-04,0,14.1,0
2018-07-05,0,11.2,0
2018-07-06,0,13,0
2018-07-07,0,12.4,7.6
2018-07-08,0,16.1,0
2018-07-09,0,14.7,0
2018-07-10,0,15.7,0
2018-07-11,0,15.9,0
2018-07-12,0,10.9,5.1
2018-07-13,0,11.5,0
2018-07-14,0,14.5,0
2018-07-15,0,9.8,12.7
2018-07-16,0,11.8,0
2018-07-17,0,13.8,0
2018-07-18,0,15.2,0
2018-07-19,0,15.8,0
2018-07-20,0,16.3,0
2018-07-21,0,15.8,2.5
2018-07-22,0,14,17.8
2018-07-23,0,10.9,12.7
2018-07-24,0,12.8,0
2018-07-25,0,12.8,2.5
2018-07-26,0,11.6,2.5
2018-07-27,0,11.9,0
2018-07-28,0,11,0
2018-07-29,0,12.6,0
2018-07-30,0,8.8,2.5
2018-07-31,0,10.7,0
2018-08-01,0,10.9,0
2018-08-02,0,14.2,0
2018-08-03,0,11.2,2.5
2018-08-04,0,14.1,0
2018-08-05,0,12.3,2.5
2018-08-06,0,12,0
2018-08-07,0,11.1,0
2018-08-08,0,10.3,2.5
2018-08-09,0,11.6,0
2018-08-10,0,12.4,0
2018-08-11,0,12.4,0
2018-08-12,0,13,0
2018-08-13,0,13.8,0
2018-08-14,0,10.5,0
2018-08-15,0,12.5,0
2018-08-16,0,14.3,0
2018-08-17,0,12.8,0
2018-08-18,0,10.8,2.5
2018-08-19,0,8.1,0
2018-08-20,0,8.5,0
2018-08-21,0,8.7,5.1
2018-08-22,0,11.6,0
2018-08-23,0,11.8,0
2018-08-24,0,13.4,0
2018-08-25,0,13.4,0
2018-08-26,0,15.3,0
2018-08-27,0,12.2,2.5
2018-08-28,0,9.1,0
2018-08-29,0,12.2,0
2018-08-30,0,14.1,0
2018-08-31,0,13.7,0
2018-09-01,0,10,0
2018-09-02,0,10,2.5
2018-09-03,0,9.9,0
2018-09-04,0,11.1,0
2018-09-05,0,7.8,7.6
2018-09-06,0,6.3,0
2018-09-07,0,7,2.5
2018-09-08,0,10.2,0
2018-09-09,0,10.9,0
2018-09-10,0,11.3,0
2018-09-11,0,13.4,0
2018-09-12,0,15.3,0
2018-09-13,0,11.3,0
2018-09-14,0,14,0
2018-09-15,0,14.8,0
2018-09-16,0,16,0
2018-09-17,0,14.7,2.5
2018-09-18,0,14.4,0
2018-09-19,0,12.7,0
2018-09-20,0,9.9,2.5
2018-09-21,0,6.8,0
2018-09-22,0,11.2,0
2018-09-23,0,12.9,0
2018-09-24,0,8.1,2.5
2018-09-25,0,3.6,0
2018-09-26,0,6.6,0
2018-09-27,0,9,0
2018-09-28,0,9.1,0
2018-09-29,0,12.4,0
2018-09-30,0,13.3,0
2018-10-01,0,10.7,0
2018-10-02,0,10.6,0
2018-10-03,0,9.6,0
2018-10-04,0,6.3,5.1
2018-10-05,0,4.8,2.5
2018-10-06,0,1.1,2.5
2018-10-07,0,1.7,2.5
2018-10-08,7.6,-1.9,5.1
2018-10-09,7.6,-2.6,5.1
2018-10-10,12.7,-4.7,7.6
2018-10-11,22.9,0.1,2.5
2018-10-12,27.9,2.3,0
2018-10-13,27.9,2.9,7.6
2018-10-14,33,-10.2,10.2
2018-10-15,40.6,-8.5,0
2018-10-16,40.6,-3.7,0
2018-10-17,43.2,-1.3,0
2018-10-18,43.2,1.9,0
2018-10-19,43.2,2.4,0
2018-10-20,40.6,3.1,0
2018-10-21,40.6,5.5,0
2018-10-22,40.6,4,0
2018-10-23,38.1,4.8,0
2018-10-24,38.1,4,0
2018-10-25,33,3.3,0
2018-10-26,33,3.7,0
2018-10-27,30.5,5.7,0
2018-10-28,27.9,7.4,0
2018-10-29,22.9,7.6,0
2018-10-30,17.8,-2.9,12.7
2018-10-31,30.5,-4.2,2.5
2018-11-01,33,-2.2,2.5
2018-11-02,35.6,0.7,10.2
2018-11-03,45.7,-2.4,7.6
2018-11-04,50.8,-2.5,2.5
2018-11-05,55.9,-3.8,7.6
2018-11-06,61,-5.6,0
2018-11-07,61,-7.4,2.5
2018-11-08,61,-9.9,0
2018-11-09,61,-5.1,0
2018-11-10,63.5,-3.1,2.5
2018-11-11,63.5,-11.5,7.6
2018-11-12,68.6,-12.5,2.5
2018-11-13,73.7,-3.4,0
2018-11-14,76.2,0.2,0
2018-11-15,76.2,2.2,0
2018-11-16,76.2,0.5,0
2018-11-17,76.2,-6.6,7.6
2018-11-18,78.7,-3.8,0
2018-11-19,81.3,-2.7,0
2018-11-20,81.3,-0.1,0
2018-11-21,81.3,0.9,0
2018-11-22,81.3,0.7,2.5
2018-11-23,83.8,-4.2,0
2018-11-24,86.4,-5.2,15.2
2018-11-25,96.5,-9.6,0
2018-11-26,99.1,-5,0
2018-11-27,99.1,-0.2,0
2018-11-28,101.6,-0.1,0
2018-11-29,101.6,-2.3,5.1
2018-11-30,104.1,-4.9,0
2018-12-01,104.1,-7.3,0
2018-12-02,104.1,-11.8,0
2018-12-03,104.1,-12.1,2.5
2018-12-04,104.1,-12,0
2018-12-05,104.1,-5,5.1
2018-12-06,106.7,-5.1,0
2018-12-07,109.2,-4.2,0
2018-12-08,109.2,-3.9,0
2018-12-09,109.2,-5.3,0
2018-12-10,109.2,0,0
2018-12-11,109.2,-0.9,0
2018-12-12,109.2,-3.8,2.5
2018-12-13,109.2,-5.5,0
2018-12-14,111.8,1.3,0
2018-12-15,111.8,1,0
2018-12-16,111.8,0.9,0
2018-12-17,111.8,0.5,0
2018-12-18,111.8,-1,0
2018-12-19,111.8,-5.4,5.1
2018-12-20,114.3,-3.2,0
2018-12-21,116.8,-0.3,0
2018-12-22,116.8,-7,5.1
2018-12-23,116.8,-4.8,0
2018-12-24,116.8,-5.3,0
2018-12-25,119.4,-7.6,2.5
2018-12-26,119.4,-5.1,0
2018-12-27,119.4,-14.5,0
2018-12-28,119.4,-16.4,0
2018-12-29,119.4,-6.4,0
2018-12-30,124.5,-3.6,2.5
2018-12-31,124.5,-16.6,0
2019-01-01,124.5,-13.4,0
2019-01-02,124.5,-10.6,0
2019-01-03,124.5,0.3,0
2019-01-04,127,2.6,0
2019-01-05,127,1.6,0
2019-01-06,127,-1.4,2.5
2019-01-07,129.5,-5.7,5.1
2019-01-08,132.1,-3.8,0
2019-01-09,132.1,0.2,0
2019-01-10,134.6,2.1,0
2019-01-11,134.6,-4.2,20.3
2019-01-12,152.4,-8.2,0
2019-01-13,152.4,-13.7,0
2019-01-14,152.4,-8.2,0
2019-01-15,152.4,-2.3,0
2019-01-16,154.9,-2.6,5.1
2019-01-17,160,-0.9,2.5
2019-01-18,162.6,-4.6,0
2019-01-19,162.6,-5.2,0
2019-01-20,162.6,0.6,0
2019-01-21,162.6,-1.8,10.2
2019-01-22,170.2,-11.3,7.6
2019-01-23,177.8,-9.5,0
2019-01-24,180.3,-10.1,10.2
2019-01-25,188,-8.9,0
2019-01-26,190.5,-7,0
2019-01-27,190.5,-3.4,0
2019-01-28,193,-9.8,5.1
2019-01-29,193,-8.8,0
2019-01-30,193,-5.3,0
2019-01-31,195.6,-1.7,0
2019-02-01,195.6,0.2,0
2019-02-02,195.6,1.1,0
2019-02-03,195.6,0.2,2.5
2019-02-04,195.6,-0.5,0
2019-02-05,198.1,-2.2,0
2019-02-06,198.1,-10.3,2.5
2019-02-07,198.1,-16.3,0
2019-02-08,198.1,-8.7,0
2019-02-09,200.7,-4.9,0
2019-02-10,200.7,-5.7,0
2019-02-11,200.7,-8.9,0
2019-02-12,200.7,-6.1,0
2019-02-13,200.7,-1.7,7.6
2019-02-14,205.7,-0.4,7.6
2019-02-15,215.9,-1.7,5.1
2019-02-16,218.4,-9,2.5
2019-02-17,218.4,-13,0
2019-02-18,218.4,-15.9,0
2019-02-19,218.4,-14.3,0
2019-02-20,218.4,-15.1,0
2019-02-21,221,-13.8,2.5
2019-02-22,223.5,-7.2,2.5
2019-02-23,226.1,-10.2,0
2019-02-24,226.1,-7.2,0
2019-02-25,226.1,-2.1,0
2019-02-26,228.6,1.1,2.5
2019-02-27,228.6,0.1,0
2019-02-28,228.6,-0.5,0
2019-03-01,228.6,-2.9,7.6
2019-03-02,238.8,-7.6,15.2
2019-03-03,251.5,-7.2,10.2
2019-03-04,261.6,-8.2,2.5
2019-03-05,264.2,-4.3,0
2019-03-06,264.2,1.4,15.2
2019-03-07,279.4,-1.9,5.1
2019-03-08,284.5,-2.4,2.5
2019-03-09,287,-6.5,0
2019-03-10,287,-5,0
2019-03-11,287,-5.1,5.1
2019-03-12,289.6,0.4,5.1
2019-03-13,292.1,-4.6,27.9
2019-03-14,317.5,-9.1,0
2019-03-15,317.5,-5.1,0
2019-03-16,320,-3.3,0
2019-03-17,320,-1,0
2019-03-18,320,-2.4,0
2019-03-19,320,-4.7,0
2019-03-20,320,-3.2,0
2019-03-21,320,-1.2,2.5
2019-03-22,320,-1.3,0
2019-03-23,320,-1.7,2.5
2019-03-24,322.6,-0.7,0
2019-03-25,322.6,-1,0
2019-03-26,322.6,2.4,0
2019-03-27,322.6,6.5,0
2019-03-28,322.6,4.5,0
2019-03-29,317.5,-1.4,2.5
2019-03-30,320,-7.5,5.1
2019-03-31,327.7,-7.3,0
2019-04-01,327.7,-2,0
2019-04-02,327.7,-1.6,5.1
2019-04-03,330.2,1.1,0
2019-04-04,330.2,1.8,0
2019-04-05,330.2,4,0
2019-04-06,327.7,3.2,0
2019-04-07,322.6,3.5,0
2019-04-08,317.5,5.1,2.5
2019-04-09,315,7.9,0
2019-04-10,307.3,-3.9,17.8
2019-04-11,327.7,-7.5,5.1
2019-04-12,332.7,-5.7,2.5
2019-04-13,335.3,-4.5,2.5
2019-04-14,340.4,1.1,0
2019-04-15,337.8,4.4,0
2019-04-16,332.7,3.6,0
2019-04-17,332.7,2.9,0
2019-04-18,330.2,2.7,2.5
2019-04-19,330.2,6.3,0
2019-04-20,317.5,7.8,0
2019-04-21,304.8,3.5,2.5
2019-04-22,304.8,0,2.5
2019-04-23,307.3,2,0
2019-04-24,302.3,6.2,2.5
2019-04-25,287,2.9,0
2019-04-26,281.9,5.8,2.5
2019-04-27,274.3,5.2,0
2019-04-28,266.7,4,12.7
2019-04-29,251.5,-4,15.2
2019-04-30,269.2,-0.1,5.1
2019-05-01,274.3,-0.8,2.5
2019-05-02,276.9,-0.2,0
2019-05-03,271.8,3,0
2019-05-04,264.2,5,0
2019-05-05,251.5,5.3,0
2019-05-06,238.8,5.7,2.5
2019-05-07,223.5,2.9,5.1
2019-05-08,221,-1.3,25.4
2019-05-09,246.4,-5.1,20.3
2019-05-10,266.7,-1.1,2.5
2019-05-11,269.2,1.5,0
2019-05-12,264.2,5.7,0
2019-05-13,256.5,7.9,0
2019-05-14,243.8,7.7,0
2019-05-15,231.1,8.7,0
2019-05-16,210.8,7.1,0
2019-05-17,198.1,3.5,0
2019-05-18,198.1,1.7,0
2019-05-19,182.9,0.8,15.2
2019-05-20,193,-1.6,15.2
2019-05-21,205.7,-1.8,2.5
2019-05-22,210.8,-1.3,10.2
2019-05-23,218.4,-1.3,5.1
2019-05-24,226.1,2.7,2.5
2019-05-25,221,5.2,0
2019-05-26,208.3,5.5,7.6
2019-05-27,203.2,4.6,2.5
2019-05-28,195.6,1.5,2.5
2019-05-29,190.5,0.5,5.1
2019-05-30,193,3,0
2019-05-31,193,5.8,0
2019-06-01,170.2,7,0
2019-06-02,147.3,7.5,0
2019-06-03,129.5,7.7,0
2019-06-04,104.1,8,0
2019-06-05,73.7,6.9,10.2
2019-06-06,48.3,8.2,2.5
2019-06-07,17.8,8.9,0
2019-06-08,5.1,9.2,0
2019-06-09,0,2.3,0
2019-06-10,0,8.1,0
2019-06-11,0,9,0
2019-06-12,0,7.2,0
2019-06-13,0,10.4,0
2019-06-14,0,9,0
2019-06-15,0,7.6,2.5
2019-06-16,0,8.3,2.5
2019-06-17,0,7.2,2.5
2019-06-18,0,7.2,2.5
2019-06-19,0,10,0
2019-06-20,0,11.6,0
2019-06-21,0,4.9,12.7
2019-06-22,5.1,2.8,12.7
2019-06-23,2.5,2.8,2.5
2019-06-24,5.1,7.5,0
2019-06-25,0,10,0
2019-06-26,0,11.9,0
2019-06-27,0,13.4,0
2019-06-28,0,13.2,0
2019-06-29,0,14.8,0
2019-06-30,0,11.9,7.6
2019-07-01,0,12.2,2.5
2019-07-02,0,10.9,0
2019-07-03,0,14.4,0
2019-07-04,0,13.7,0
2019-07-05,0,12.4,0
2019-07-06,0,10.9,0
2019-07-07,0,12.2,0
2019-07-08,0,12,0
2019-07-09,0,12.2,0
2019-07-10,0,12.3,0
2019-07-11,0,14.5,0
2019-07-12,0,14.3,0
2019-07-13,0,14.6,0
2019-07-14,0,15,0
2019-07-15,0,13.4,2.5
2019-07-16,0,14.1,0
2019-07-17,0,16.7,0
2019-07-18,0,17.1,0
2019-07-19,0,19.6,0
2019-07-20,0,14.4,10.2
2019-07-21,0,12.9,2.5
2019-07-22,0,10.8,22.9
2019-07-23,0,11.3,0
2019-07-24,0,12.85,0
2019-07-25,0,14.4,0
2019-07-26,0,13.3,0
2019-07-27,0,13,0
2019-07-28,0,14.2,0
2019-07-29,0,13.4,0
2019-07-30,0,15.8,0
2019-07-31,0,15.6,0
2019-08-01,0,11.6,15.2
2019-08-02,0,11.7,5.1
2019-08-03,0,13.5,0
2019-08-04,0,12.7,0
2019-08-05,0,13.3,0
2019-08-06,0,14.4,0
2019-08-07,0,13.6,0
2019-08-08,0,10.9,12.7
2019-08-09,0,13.3,0
2019-08-10,0,11.3,2.5
2019-08-11,0,10.1,7.6
2019-08-12,0,12,0
2019-08-13,0,12.4,0
2019-08-14,0,12.4,0
2019-08-15,0,12.9,0
2019-08-16,0,13.6,0
2019-08-17,0,12.5,0
2019-08-18,0,13.6,0
2019-08-19,0,14.8,0
2019-08-20,0,14.9,0
2019-08-21,0,10.7,0
2019-08-22,0,12.4,0
2019-08-23,0,12.8,0
2019-08-24,0,12.5,0
2019-08-25,0,16.6,0
2019-08-26,0,11.9,0
2019-08-27,0,8.1,0
2019-08-28,0,11.4,0
2019-08-29,0,11.8,0
2019-08-30,0,12.6,0
2019-08-31,0,14,0
2019-09-01,0,14.5,0
2019-09-02,0,15.1,0
2019-09-03,0,13.8,2.5
2019-09-04,0,15,0
2019-09-05,0,14.1,0
2019-09-06,0,10.4,5.1
2019-09-07,0,10.1,0
2019-09-08,0,9.2,10.2
2019-09-09,0,9,0
2019-09-10,0,9.8,0
2019-09-11,0,8.4,0
2019-09-12,0,6.1,0
2019-09-13,0,8.1,10.2
2019-09-14,0,10.9,0
2019-09-15,0,11.8,2.5
2019-09-16,0,12.7,0
2019-09-17,0,12.3,0
2019-09-18,0,9.7,0
2019-09-19,0,10.2,0
2019-09-20,0,11.2,0
2019-09-21,0,7.4,0
2019-09-22,0,5.8,0
2019-09-23,0,8.1,0
2019-09-24,0,11.6,0
2019-09-25,0,10.3,0
2019-09-26,0,12.6,0
2019-09-27,0,8.9,0
2019-09-28,0,6.1,0
2019-09-29,0,11.5,0
2019-09-30,0,7.2,0
2019-10-01,0,4.7,0
2019-10-02,0,4.5,0
2019-10-03,0,4.2,0
2019-10-04,0,8.2,0
2019-10-05,0,4.5,0
2019-10-06,0,2.4,0
2019-10-07,0,7.7,0
2019-10-08,0,9.5,0
2019-10-09,0,7,0
2019-10-10,0,1.3,7.6
2019-10-11,15.2,-4.4,0
2019-10-12,15.2,3.1,0
2019-10-13,15.2,3.4,0
2019-10-14,15.2,6.2,0
2019-10-15,12.7,5.3,0
2019-10-16,12.7,8.6,0
2019-10-17,10.2,8.5,0
2019-10-18,10.2,2.6,0
2019-10-19,10.2,1.3,2.5
2019-10-20,12.7,-6.2,7.6
2019-10-21,22.9,-5.3,5.1
2019-10-22,30.5,-1.3,2.5
2019-10-23,33,-3.1,25.4
2019-10-24,58.4,-6.1,2.5
2019-10-25,61,3.2,0
2019-10-26,61,2.9,0
2019-10-27,61,-11.4,5.1
2019-10-28,66,-10.9,2.5
2019-10-29,68.6,-17.6,12.7
2019-10-30,81.3,-15.4,5.1
2019-10-31,86.4,-0.6,0
2019-11-01,86.4,-4.1,0
2019-11-02,86.4,0.6,0
2019-11-03,86.4,1.8,0
2019-11-04,86.4,0.8,0
2019-11-05,83.8,1.7,0
2019-11-06,83.8,1.1,0
2019-11-07,83.8,0,0
2019-11-08,83.8,4.1,0
2019-11-09,83.8,6.4,0
2019-11-10,83.8,3.1,0
2019-11-11,83.8,-5.1,0
2019-11-12,83.8,0.7,0
2019-11-13,83.8,0.1,0
2019-11-14,83.8,0,0
2019-11-15,83.8,3.9,0
2019-11-16,83.8,0.7,0
2019-11-17,86.4,1.5,0
2019-11-18,86.4,3,0
2019-11-19,86.4,3.7,0
2019-11-20,86.4,-1.1,7.6
2019-11-21,94,-6.6,0
2019-11-22,94,-3.3,2.5
2019-11-23,96.5,0.7,0
2019-11-24,96.5,0.8,0
2019-11-25,96.5,-5.4,10.2
2019-11-26,106.7,-7.6,12.7
2019-11-27,119.4,-9.8,2.5
2019-11-28,121.9,-0.8,0
2019-11-29,121.9,-2.5,5.1
2019-11-30,129.5,-10.1,0
2019-12-01,129.5,-1.5,0
2019-12-02,129.5,1.5,2.5
2019-12-03,132.1,-1,0
2019-12-04,132.1,-0.4,0
2019-12-05,132.1,-2.2,5.1
2019-12-06,137.2,-1.8,0
2019-12-07,137.2,1.4,5.1
2019-12-08,142.2,-1.3,2.5
2019-12-09,144.8,-6.3,0
2019-12-10,144.8,-5.3,2.5
2019-12-11,147.3,-2.8,0
2019-12-12,147.3,-3.4,2.5
2019-12-13,149.9,-6.1,10.2
2019-12-14,157.5,-5.5,12.7
2019-12-15,170.2,-12,0
2019-12-16,170.2,-14.6,0
2019-12-17,170.2,-6.6,0
2019-12-18,170.2,-2.2,0
2019-12-19,170.2,-4.4,0
2019-12-20,170.2,-0.2,0
2019-12-21,170.2,4.3,0
2019-12-22,170.2,3.7,0
2019-12-23,167.6,1.5,0
2019-12-24,167.6,-0.4,0
2019-12-25,167.6,-3.9,0
2019-12-26,167.6,-9.5,0
2019-12-27,167.6,-9,0
2019-12-28,167.6,-10.6,7.6
2019-12-29,175.3,-12.5,0
2019-12-30,175.3,-9.9,0
2019-12-31,175.3,-4.8,2.5
2020-01-01,177.8,-4.7,2.5
2020-01-02,182.9,-7.6,0
2020-01-03,182.9,-6.5,2.5
2020-01-04,185.4,0.1,0
2020-01-05,185.4,-3.6,0
2020-01-06,185.4,-9.2,5.1
2020-01-07,190.5,-3.2,0
2020-01-08,190.5,-1.7,0
2020-01-09,190.5,-7.5,0
2020-01-10,190.5,-9.2,0
2020-01-11,190.5,-6.7,2.5
2020-01-12,193,-9.5,0
2020-01-13,193,-7.8,2.5
2020-01-14,195.6,-3.7,0
2020-01-15,195.6,-7.4,0
2020-01-16,195.6,-2.7,2.5
2020-01-17,198.1,-5.4,5.1
2020-01-18,203.2,-7.2,0
2020-01-19,203.2,-5.9,0
2020-01-20,203.2,-3.6,0
2020-01-21,203.2,0.6,0
2020-01-22,203.2,-4.6,2.5
2020-01-23,205.7,-6.1,2.5
2020-01-24,208.3,-2.4,0
2020-01-25,208.3,-3,0
2020-01-26,208.3,-1.4,0
2020-01-27,208.3,-2.4,0
2020-01-28,208.3,-6.1,0
2020-01-29,208.3,-5.5,0
2020-01-30,208.3,-7.8,0
2020-01-31,208.3,-3.1,0
2020-02-01,208.3,1.5,0
2020-02-02,208.3,3.3,0
2020-02-03,208.3,-12.6,2.5
2020-02-04,210.8,-19.3,5.1
2020-02-05,215.9,-13.7,2.5
2020-02-06,218.4,-8.7,5.1
2020-02-07,223.5,-6.6,20.3
2020-02-08,248.9,-2.4,2.5
2020-02-09,251.5,-8.9,12.7
2020-02-10,264.2,-9.2,7.6
2020-02-11,269.2,-9.9,2.5
2020-02-12,274.3,-9.7,5.1
2020-02-13,279.4,-8.9,2.5
2020-02-14,284.5,-0.9,0
2020-02-15,284.5,-3.4,0
2020-02-16,284.5,-3,10.2
2020-02-17,294.6,-7.4,10.2
2020-02-18,302.3,-11.5,0
2020-02-19,302.3,-11.7,5.1
2020-02-20,304.8,-10.5,2.5
2020-02-21,307.3,-2.3,0
2020-02-22,307.3,0.8,0
2020-02-23,307.3,-3.4,5.1
2020-02-24,312.4,-9.7,2.5
2020-02-25,315,-13.8,0
2020-02-26,315,-8.3,2.5
2020-02-27,317.5,-5.7,0
2020-02-28,317.5,-1.9,0
2020-02-29,317.5,-0.2,0
2020-03-01,317.5,-3,7.6
2020-03-02,322.6,-4.6,2.5
2020-03-03,325.1,-2.4,0
2020-03-04,325.1,-0.7,0
2020-03-05,325.1,0.3,0
2020-03-06,325.1,1.8,0
2020-03-07,325.1,2.4,0
2020-03-08,325.1,2.7,0
2020-03-09,325.1,-0.1,0
2020-03-10,325.1,-0.3,5.1
2020-03-11,330.2,1.3,0
2020-03-12,330.2,-0.4,0
2020-03-13,330.2,-3.9,5.1
2020-03-14,335.3,-0.5,2.5
2020-03-15,335.3,1.5,0
2020-03-16,335.3,2,0
2020-03-17,335.3,2.9,5.1
2020-03-18,337.8,0.9,0
2020-03-19,337.8,-4.3,45.7
2020-03-20,383.5,-5.1,5.1
2020-03-21,388.6,-2.7,0
2020-03-22,388.6,-2.6,2.5
2020-03-23,391.2,-1.7,0
2020-03-24,391.2,0.2,0
2020-03-25,391.2,1.4,0
2020-03-26,391.2,1.5,0
2020-03-27,391.2,-4.2,10.2
2020-03-28,398.8,-6.8,0
2020-03-29,398.8,-3.3,2.5
2020-03-30,401.3,-1.4,0
2020-03-31,401.3,1.9,0
2020-04-01,401.3,4.1,0
2020-04-02,398.8,-5.4,2.5
2020-04-03,401.3,-8.3,5.1
2020-04-04,406.4,-0.9,0
2020-04-05,406.4,3.1,0
2020-04-06,406.4,5.3,0
2020-04-07,398.8,5.1,0
2020-04-08,391.2,3.3,0
2020-04-09,386.1,1.7,0
2020-04-10,381,5.2,0
2020-04-11,373.4,3.8,0
2020-04-12,365.8,-11.1,20.3
2020-04-13,388.6,-13.8,10.2
2020-04-14,401.3,-9,7.6
2020-04-15,408.9,-4.2,12.7
2020-04-16,421.6,-9.1,43.2
2020-04-17,464.8,-3.5,7.6
2020-04-18,472.4,0.8,0
2020-04-19,472.4,0.5,0
2020-04-20,472.4,1.7,0
2020-04-21,472.4,1.6,0
2020-04-22,472.4,3.7,0
2020-04-23,472.4,1.9,2.5
2020-04-24,475,0.2,5.1
2020-04-25,480.1,1.5,0
2020-04-26,480.1,4.7,0
2020-04-27,475,8.3,0
2020-04-28,462.3,6.2,0
2020-04-29,447,7.8,0
2020-04-30,431.8,10.5,0
2020-05-01,421.6,9.2,0
2020-05-02,398.8,4.4,7.6
2020-05-03,393.7,6.6,2.5
2020-05-04,373.4,2.7,7.6
2020-05-05,378.5,3.4,0
2020-05-06,365.8,5.3,0
2020-05-07,340.4,4.6,0
2020-05-08,327.7,1.5,0
2020-05-09,322.6,2,0
2020-05-10,317.5,1.9,0
2020-05-11,302.3,3.6,5.1
2020-05-12,299.7,7.6,0
2020-05-13,281.9,7.5,0
2020-05-14,261.6,5,0
2020-05-15,246.4,4.6,2.5
2020-05-16,238.8,4.5,0
2020-05-17,221,7.2,0
2020-05-18,198.1,9.8,0
2020-05-19,167.6,11.8,2.5
2020-05-20,142.2,9.6,0
2020-05-21,111.8,6.1,0
2020-05-22,88.9,7.4,0
2020-05-23,61,6.7,0
2020-05-24,38.1,1.3,7.6
2020-05-25,40.6,2.3,0
2020-05-26,33,8.9,0
2020-05-27,12.7,10,2.5
2020-05-28,10.2,8.6,0
2020-05-29,10.2,10.4,5.1
2020-05-30,0,10.3,12.7
2020-05-31,0,11.4,5.1
2020-06-01,0,14.3,5.1
2020-06-02,0,12.3,0
2020-06-03,0,11.9,0
2020-06-04,0,10.6,0
2020-06-05,0,13.8,0
2020-06-06,0,10.4,0
2020-06-07,0,11.6,0
2020-06-08,0,5.8,0
2020-06-09,0,2.6,0
2020-06-10,0,6.2,0
2020-06-11,0,9,2.5
2020-06-12,0,12.1,5.1
2020-06-13,0,10.8,0
2020-06-14,0,13.9,0
2020-06-15,0,11.8,2.5
2020-06-16,0,14.5,0
2020-06-17,0,13.5,0
2020-06-18,0,6.5,0
2020-06-19,0,4.1,10.2
2020-06-20,0,8.5,12.7
2020-06-21,0,8.9,0
2020-06-22,0,9.9,2.5
2020-06-23,0,10.8,0
2020-06-24,0,11.3,0
2020-06-25,0,12.4,0
2020-06-26,0,10.2,0
2020-06-27,0,12.5,0
2020-06-28,0,12.9,0
2020-06-29,0,13.2,0
2020-06-30,0,9.6,0
2020-07-01,0,11.1,2.5
2020-07-02,0,13.2,0
2020-07-03,0,14.2,0
2020-07-04,0,11.1,0
2020-07-05,0,10.9,0
2020-07-06,0,13.7,5.1
2020-07-07,0,15.8,0
2020-07-08,0,14.6,0
2020-07-09,0,13.7,2.5
2020-07-10,0,14.5,0
2020-07-11,0,14.8,0
2020-07-12,0,15.8,0
2020-07-13,0,16.1,0
2020-07-14,0,12,0
2020-07-15,0,10.8,0
2020-07-16,0,14.5,0
2020-07-17,0,16.3,2.5
2020-07-18,0,17.1,2.5
2020-07-19,0,15.6,0
2020-07-20,0,16.5,0
2020-07-21,0,14,0
2020-07-22,0,12.6,0
2020-07-23,0,13.7,0
2020-07-24,0,12.6,0
2020-07-25,0,10.8,10.2
2020-07-26,0,10,0
2020-07-27,0,11.6,7.6
2020-07-28,0,10.9,0
2020-07-29,0,13.9,0
2020-07-30,0,11.7,0
2020-07-31,0,11.5,0
2020-08-01,0,11.1,0
2020-08-02,0,10.9,0
2020-08-03,0,13.1,7.6
2020-08-04,0,14.7,0
2020-08-05,0,13.5,0
2020-08-06,0,14.3,0
2020-08-07,0,16.1,2.5
2020-08-08,0,16.1,0
2020-08-09,0,14.9,0
2020-08-10,0,15,0
2020-08-11,0,14.5,0
2020-08-12,0,15.4,0
2020-08-13,0,14.6,0
2020-08-14,0,13.8,0
2020-08-15,0,13.7,0
2020-08-16,0,14.1,0
2020-08-17,0,14.8,0
2020-08-18,0,15,0
2020-08-19,0,12.8,0
2020-08-20,0,13.7,0
2020-08-21,0,15.7,0
2020-08-22,0,14.6,0
2020-08-23,0,15.1,0
2020-08-24,0,15.3,0
2020-08-25,0,15.2,0
2020-08-26,0,12.7,0
2020-08-27,0,13.2,7.6
2020-08-28,0,10,0
2020-08-29,0,8.7,2.5
2020-08-30,0,12.4,2.5
2020-08-31,0,9.4,2.5
2020-09-01,0,9.3,2.5
2020-09-02,0,12.9,2.5
2020-09-03,0,12.6,2.5
2020-09-04,0,12.1,0
2020-09-05,0,15,2.5
2020-09-06,0,17.7,0
2020-09-07,0,12.7,0
2020-09-08,0,4.45,17.8
2020-09-09,17.8,-3.8,0
2020-09-10,15.2,0.5,0
2020-09-11,15.2,3.6,0
2020-09-12,10.2,8.3,5.1
2020-09-13,2.5,8.7,2.5
2020-09-14,2.5,9.7,0
2020-09-15,0,10.6,0
2020-09-16,0,7.8,0
2020-09-17,0,9,0
2020-09-18,0,10.6,0
2020-09-19,0,11.9,0
2020-09-20,0,10,0
2020-09-21,0,9.1,0
2020-09-22,0,8.9,0
2020-09-23,0,11.9,0
2020-09-24,0,14.2,0
2020-09-25,0,14.4,0
2020-09-26,0,13.1,0
2020-09-27,0,4.3,0
2020-09-28,0,3.1,0
2020-09-29,0,10.5,0
2020-09-30,0,7.5,0
2020-10-01,0,5.8,0
2020-10-02,0,9.1,0
2020-10-03,0,3.4,0
2020-10-04,0,9.7,0
2020-10-05,0,9.8,0
2020-10-06,0,11.9,0
2020-10-07,0,9.9,0
2020-10-08,0,12.3,0
2020-10-09,0,10.9,0
2020-10-10,0,10.2,0
2020-10-11,0,2.9,2.5
2020-10-12,2.5,4.4,0
2020-10-13,0,9.4,0
2020-10-14,0,8.7,2.5
2020-10-15,0,0.2,0
2020-10-16,0,4.3,0
2020-10-17,0,6.2,0
2020-10-18,0,8.1,0
2020-10-19,0,8.1,0
2020-10-20,0,5.7,2.5
2020-10-21,0,9.5,0
2020-10-22,0,1.9,0
2020-10-23,0,-0.8,0
2020-10-24,0,4.1,0
2020-10-25,0,-5.9,15.2
2020-10-26,17.8,-15.9,2.5
2020-10-27,22.9,-7.8,2.5
2020-10-28,25.4,-0.7,0
2020-10-29,25.4,2.6,0
2020-10-30,25.4,4.2,0
2020-10-31,25.4,2.8,0
2020-11-01,25.4,6.1,0
2020-11-02,25.4,8,0
2020-11-03,22.9,7.7,0
2020-11-04,22.9,7.6,0
2020-11-05,20.3,8.9,0
2020-11-06,15.2,8,0
2020-11-07,10.2,6.2,0
2020-11-08,5.1,-1.2,0
2020-11-09,7.6,-5.8,5.1
2020-11-10,15.2,-8.1,0
2020-11-11,15.2,-6.3,0
2020-11-12,15.2,-7.3,5.1
2020-11-13,17.8,-0.6,0
2020-11-14,17.8,-7.9,7.6
2020-11-15,25.4,-3,2.5
2020-11-16,27.9,2.7,0
2020-11-17,27.9,6.4,0
2020-11-18,27.9,7.3,0
2020-11-19,27.9,4.3,0
2020-11-20,27.9,-1.6,0
2020-11-21,27.9,0.2,0
2020-11-22,27.9,-1.4,0
2020-11-23,27.9,2.4,0
2020-11-24,27.9,-4.9,17.8
2020-11-25,43.2,0.4,0
2020-11-26,43.2,-4.7,0
2020-11-27,43.2,-6.1,0
2020-11-28,43.2,-2.3,0
2020-11-29,43.2,-9.2,0
2020-11-30,43.2,-0.5,0
2020-12-01,43.2,-6.7,0
2020-12-02,43.2,-12.8,2.5
2020-12-03,45.7,-5.8,0
2020-12-04,45.7,-2.8,0
2020-12-05,45.7,-2.8,0
2020-12-06,45.7,1,0
2020-12-07,45.7,-0.1,0
2020-12-08,45.7,5.6,0
2020-12-09,45.7,3,0
2020-12-10,45.7,-3,0
2020-12-11,45.7,-8.4,2.5
2020-12-12,48.3,-10.6,2.5
2020-12-13,50.8,-8.1,2.5
2020-12-14,53.3,-5.4,0
2020-12-15,53.3,-9.7,0
2020-12-16,53.3,-7.6,0
2020-12-17,55.9,-2.9,0
2020-12-18,55.9,-6.1,2.5
2020-12-19,58.4,-6.4,0
2020-12-20,58.4,-2.7,0
2020-12-21,58.4,0.2,0
2020-12-22,58.4,-1.6,7.6
2020-12-23,66,-14.8,2.5
2020-12-24,68.6,-4.4,0
2020-12-25,68.6,0.7,0
2020-12-26,68.6,0.3,2.5
2020-12-27,71.1,-8,0
2020-12-28,71.1,-9.1,2.5
2020-12-29,73.7,-8.6,2.5
2020-12-30,76.2,-6,0
2020-12-31,76.2,-3.7,0
2021-01-01,76.2,-8.8,0
2021-01-02,76.2,-5.5,0
2021-01-03,76.2,-4.3,2.5
2021-01-04,78.7,-2.3,0
2021-01-05,78.7,-4,0
2021-01-06,78.7,-3.7,2.5
2021-01-07,81.3,-1.8,0
2021-01-08,81.3,-8.6,0
2021-01-09,81.3,-10.7,2.5
2021-01-10,83.8,-12,0
2021-01-11,83.8,-7.3,0
2021-01-12,83.8,0,2.5
2021-01-13,83.8,-0.1,2.5
2021-01-14,86.4,-10.1,0
2021-01-15,86.4,-5.1,0
2021-01-16,86.4,-4.7,0
2021-01-17,86.4,-4.5,7.6
2021-01-18,94,-8.5,2.5
2021-01-19,96.5,-8.6,2.5
2021-01-20,99.1,-2.4,0
2021-01-21,99.1,-3.2,0
2021-01-22,99.1,-3.3,0
2021-01-23,99.1,-3.4,0
2021-01-24,99.1,-6.4,0
2021-01-25,99.1,-12,2.5
2021-01-26,101.6,-14.1,2.5
2021-01-27,104.1,-5.4,0
2021-01-28,104.1,0,0
2021-01-29,104.1,1.3,0
2021-01-30,104.1,-4.4,0
2021-01-31,104.1,-2.8,0
2021-02-01,104.1,-0.4,0
2021-02-02,104.1,1.5,0
2021-02-03,104.1,-1.2,5.1
2021-02-04,111.8,-10.7,2.5
2021-02-05,116.8,-9.5,5.1
2021-02-06,124.5,-8.7,5.1
2021-02-07,132.1,-6,5.1
2021-02-08,137.2,-4.1,0
2021-02-09,137.2,-1.8,0
2021-02-10,137.2,-2.8,2.5
2021-02-11,139.7,-3,0
2021-02-12,139.7,-2.9,17.8
2021-02-13,160,-9.7,5.1
2021-02-14,162.6,-20.1,2.5
2021-02-15,165.1,-11,2.5
2021-02-16,167.6,-8.2,5.1
2021-02-17,172.7,-10.4,5.1
2021-02-18,177.8,-13,2.5
2021-02-19,182.9,-7.2,2.5
2021-02-20,185.4,-4.2,0
2021-02-21,185.4,-9.7,0
2021-02-22,185.4,-2.7,0
2021-02-23,185.4,-1.2,0
2021-02-24,185.4,-7.9,10.2
2021-02-25,193,-8.2,5.1
2021-02-26,198.1,-7,0
2021-02-27,198.1,-10.9,0
2021-02-28,198.1,-11,0
2021-03-01,198.1,-2.8,5.1
2021-03-02,200.7,1,0
2021-03-03,200.7,-0.1,0
2021-03-04,200.7,-3.4,0
2021-03-05,203.2,-2.3,2.5
2021-03-06,203.2,1.8,0
2021-03-07,203.2,1.8,0
2021-03-08,203.2,2.1,0
2021-03-09,203.2,3,2.5
2021-03-10,205.7,-6.4,10.2
2021-03-11,218.4,-6.9,7.6
2021-03-12,223.5,-5.7,0
2021-03-13,223.5,-5.5,17.8
2021-03-14,243.8,-8,27.9
2021-03-15,269.2,-4.6,2.5
2021-03-16,276.9,-5.4,2.5
2021-03-17,279.4,-5.3,2.5
2021-03-18,281.9,-1,0
2021-03-19,281.9,2.2,0
2021-03-20,281.9,4.2,0
2021-03-21,281.9,-3.4,15.2
2021-03-22,294.6,-5,7.6
2021-03-23,302.3,-8.4,17.8
2021-03-24,317.5,-6.9,5.1
2021-03-25,325.1,-4.6,2.5
2021-03-26,327.7,-4.3,2.5
2021-03-27,330.2,-3.7,2.5
2021-03-28,332.7,0.7,2.5
2021-03-29,335.3,2.5,0
2021-03-30,335.3,-7.4,0
2021-03-31,335.3,-4.3,0
2021-04-01,335.3,2.2,2.5
2021-04-02,330.2,4.3,0
2021-04-03,327.7,5,0
2021-04-04,325.1,4.8,0
2021-04-05,320,6.1,0
2021-04-06,312.4,0.8,0
2021-04-07,312.4,0.2,0
2021-04-08,312.4,3.3,0
2021-04-09,312.4,-1.6,0
2021-04-10,312.4,3.3,0
2021-04-11,307.3,0.8,0
2021-04-12,304.8,-6.8,2.5
2021-04-13,304.8,-6.7,7.6
2021-04-14,307.3,-5,2.5
2021-04-15,312.4,-5.3,15.2
2021-04-16,330.2,-8,5.1
2021-04-17,337.8,-8.2,5.1
2021-04-18,345.4,-3.5,2.5
2021-04-19,350.5,-5.5,22.9
2021-04-20,370.8,-10.1,2.5
2021-04-21,373.4,-7.3,2.5
2021-04-22,375.9,-2.6,7.6
2021-04-23,381,-2.3,0
2021-04-24,381,2.4,0
2021-04-25,381,7.8,2.5
2021-04-26,368.3,7.2,0
2021-04-27,360.7,0.9,12.7
2021-04-28,373.4,0.4,10.2
2021-04-29,381,3.8,2.5
2021-04-30,375.9,8.8,0
2021-05-01,363.2,10.6,0
2021-05-02,345.4,3.6,10.2
2021-05-03,350.5,-2.2,22.9
2021-05-04,373.4,-0.4,5.1
2021-05-05,373.4,1.6,5.1
2021-05-06,375.9,5.1,2.5
2021-05-07,368.3,8.1,0
2021-05-08,355.6,5.3,0
2021-05-09,345.4,-1,7.6
2021-05-10,353.1,-1.9,17.8
2021-05-11,368.3,-3,10.2
2021-05-12,375.9,-0.3,2.5
2021-05-13,378.5,3.8,0
2021-05-14,373.4,5.9,0
2021-05-15,363.2,5,0
2021-05-16,355.6,4,2.5
2021-05-17,348,3.5,0
2021-05-18,342.9,4.8,2.5
2021-05-19,332.7,4.8,2.5
2021-05-20,327.7,8.1,2.5
2021-05-21,309.9,7.1,0
2021-05-22,299.7,5.9,15.2
2021-05-23,294.6,4.7,5.1
2021-05-24,269.2,5.3,0
2021-05-25,251.5,5.5,0
2021-05-26,228.6,7.8,0
2021-05-27,208.3,6.5,0
2021-05-28,188,7.4,0
2021-05-29,162.6,6.2,0
2021-05-30,147.3,3.1,7.6
2021-05-31,147.3,2.5,10.2
2021-06-01,142.2,4,10.2
2021-06-02,137.2,6,0
2021-06-03,116.8,8.2,0
2021-06-04,96.5,10.4,2.5
2021-06-05,61,12.8,0
2021-06-06,33,12.3,2.5
2021-06-07,5.1,13.3,0
2021-06-08,2.5,13.8,0
2021-06-09,2.5,13,0
2021-06-10,0,16.9,0
2021-06-11,0,10.5,0
2021-06-12,0,12.8,0
2021-06-13,0,14.2,0
2021-06-14,0,15.6,0
2021-06-15,0,17.4,0
2021-06-16,0,17.1,0
2021-06-17,0,16.8,0
2021-06-18,0,15.9,0
2021-06-19,0,14.7,0
2021-06-20,0,12.9,0
2021-06-21,0,6.8,0
2021-06-22,0,15.9,2.5
2021-06-23,0,16.6,0
2021-06-24,0,10.6,0
2021-06-25,0,8.8,12.7
2021-06-26,0,6,22.9
2021-06-27,0,5.8,12.7
2021-06-28,0,5.9,7.6
2021-06-29,0,6.7,7.6
2021-06-30,0,8.8,12.7
2021-07-01,0,8.9,20.3
2021-07-02,0,11.1,7.6
2021-07-03,0,12.8,2.5
2021-07-04,0,13.1,0
2021-07-05,0,11.6,0
2021-07-06,0,11.6,2.5
2021-07-07,0,12.7,0
2021-07-08,0,16.9,0
2021-07-09,0,18.5,0
2021-07-10,0,12.7,0
2021-07-11,0,11.5,0
2021-07-12,0,13.4,0
2021-07-13,0,14.1,0
2021-07-14,0,12.4,0
2021-07-15,0,13.8,0
2021-07-16,0,12.9,0
2021-07-17,0,12.8,2.5
2021-07-18,0,14.1,2.5
2021-07-19,0,13.9,0
2021-07-20,0,14.1,0
2021-07-21,0,14.1,0
2021-07-22,0,15.7,0
2021-07-23,0,14.6,0
2021-07-24,0,12.8,0
2021-07-25,0,13.3,0
2021-07-26,0,13.8,5.1
2021-07-27,0,14.2,2.5
2021-07-28,0,16.4,0
2021-07-29,0,15.4,0
2021-07-30,0,14.5,2.5
2021-07-31,0,9.6,27.9
2021-08-01,0,9.2,2.5
2021-08-02,0,11.2,5.1
2021-08-03,0,10.1,7.6
2021-08-04,0,9.4,2.5
2021-08-05,0,13.3,5.1
2021-08-06,0,14.8,0
2021-08-07,0,10.1,0
2021-08-08,0,14.7,0
2021-08-09,0,15.6,0
2021-08-10,0,15.2,2.5
2021-08-11,0,13.8,0
2021-08-12,0,12.3,0
2021-08-13,0,12.1,0
2021-08-14,0,14.5,0
2021-08-15,0,12.8,0
2021-08-16,0,12.2,0
2021-08-17,0,14.6,0
2021-08-18,0,14.5,0
2021-08-19,0,9.6,0
2021-08-20,0,6.5,7.6
2021-08-21,0,9.2,2.5
2021-08-22,0,13.3,2.5
2021-08-23,0,13.4,0
2021-08-24,0,13.8,0
2021-08-25,0,13.3,0
2021-08-26,0,11.6,0
2021-08-27,0,14,0
2021-08-28,0,15.1,0
2021-08-29,0,10.7,0
2021-08-30,0,11.8,0
2021-08-31,0,13,0
2021-09-01,0,13.2,0
2021-09-02,0,10.2,0
2021-09-03,0,9.1,2.5
2021-09-04,0,10,5.1
2021-09-05,0,9.9,0
2021-09-06,0,14.8,2.5
2021-09-07,0,13.3,0
2021-09-08,0,10.8,0
2021-09-09,0,14,0
2021-09-10,0,15.2,0
2021-09-11,0,15.6,0
2021-09-12,0,11.4,0
2021-09-13,0,12.3,0
2021-09-14,0,8.7,0
2021-09-15,0,12.2,2.5
2021-09-16,0,15,2.5
2021-09-17,0,9.4,2.5
2021-09-18,0,12.7,0
2021-09-19,0,11.7,0
2021-09-20,0,3.1,7.6
2021-09-21,0,2.6,0
2021-09-22,0,9,0
2021-09-23,0,10.3,0
2021-09-24,0,7.1,2.5
2021-09-25,0,10,0
2021-09-26,0,12.6,0
2021-09-27,0,10.2,0
2021-09-28,0,8.6,0
2021-09-29,0,5.1,5.1
2021-09-30,0,3,2.5
2021-10-01,0,4.3,0
2021-10-02,0,4.3,0
2021-10-03,0,5.9,0
2021-10-04,0,6.5,0
2021-10-05,0,7.1,0
2021-10-06,0,7.9,0
2021-10-07,0,8.4,0
2021-10-08,0,7.3,0
2021-10-09,0,3.1,5.1
2021-10-10,5.1,2.3,0
2021-10-11,2.5,2.1,0
2021-10-12,2.5,-1.1,5.1
2021-10-13,7.6,-2.3,2.5
2021-10-14,10.2,-3.3,5.1
2021-10-15,15.2,-3.5,0
2021-10-16,15.2,3.4,0
2021-10-17,15.2,5.2,0
2021-10-18,15.2,5.2,0
2021-10-19,10.2,0.5,0
2021-10-20,10.2,2.2,0
2021-10-21,10.2,4.6,0
2021-10-22,7.6,6.1,0
2021-10-23,5.1,4.7,0
2021-10-24,5.1,2.3,2.5
2021-10-25,7.6,8.7,0
2021-10-26,5.1,2.6,0
2021-10-27,5.1,-2.4,2.5
2021-10-28,7.6,1,0
2021-10-29,7.6,5.3,0
2021-10-30,7.6,4.5,0
2021-10-31,5.1,1.5,0
2021-11-01,5.1,2,5.1
2021-11-02,7.6,0.7,5.1
2021-11-03,12.7,0.4,0
2021-11-04,12.7,4.9,0
2021-11-05,12.7,5.1,0
2021-11-06,12.7,6.7,0
2021-11-07,10.2,5.5,0
2021-11-08,10.2,5.2,0
2021-11-09,10.2,4.3,2.5
2021-11-10,10.2,-1.9,2.5
2021-11-11,12.7,-3.9,12.7
2021-11-12,25.4,-0.2,0
2021-11-13,25.4,2.7,0
2021-11-14,25.4,3.3,0
2021-11-15,25.4,5.7,0
2021-11-16,25.4,4.1,2.5
2021-11-17,25.4,-4.9,2.5
2021-11-18,27.9,-0.8,0
2021-11-19,27.9,1.7,0
2021-11-20,27.9,-0.8,10.2
2021-11-21,35.6,-1.9,0
2021-11-22,35.6,3.1,0
2021-11-23,35.6,3.2,0
2021-11-24,35.6,-4.9,0
2021-11-25,35.6,-0.9,0
2021-11-26,35.6,4,0
2021-11-27,35.6,1.5,0
2021-11-28,35.6,4.2,0
2021-11-29,35.6,5.2,0
2021-11-30,33,2.8,0
2021-12-01,33,5.7,0
2021-12-02,33,6.7,0
2021-12-03,33,3.6,0
2021-12-04,33,4.2,0
2021-12-05,33,-0.1,2.5
2021-12-06,30.5,-2.4,0
2021-12-07,33,-1.9,0
2021-12-08,33,-0.2,2.5
2021-12-09,33,-2.3,7.6
2021-12-10,40.6,-10.7,2.5
2021-12-11,40.6,-7.4,0
2021-12-12,43.2,1.3,0
2021-12-13,43.2,2.7,0
2021-12-14,43.2,3.7,0
2021-12-15,43.2,-6.3,7.6
2021-12-16,48.3,-5.8,0
2021-12-17,50.8,-9.7,2.5
2021-12-18,50.8,-5,0
2021-12-19,50.8,-0.9,0
2021-12-20,50.8,-1.3,0
2021-12-21,50.8,-0.2,0
2021-12-22,50.8,0.9,0
2021-12-23,48.3,0.2,10.2
2021-12-24,55.9,-2.4,7.6
2021-12-25,66,-6.8,7.6
2021-12-26,71.1,-8.1,7.6
2021-12-27,78.7,-8,2.5
2021-12-28,81.3,-10.2,2.5
2021-12-29,86.4,-8.6,2.5
2021-12-30,88.9,-7.3,5.1
2021-12-31,94,-8.6,20.3
2022-01-01,111.8,-14.3,2.5
2022-01-02,116.8,-5.5,2.5
2022-01-03,119.4,-2,0
2022-01-04,119.4,-6.1,5.1
2022-01-05,124.5,-5.8,20.3
2022-01-06,147.3,-2.5,15.2
2022-01-07,170.2,0.9,2.5
2022-01-08,170.2,-3.5,0
2022-01-09,170.2,-4.3,0
2022-01-10,170.2,-2.8,0
2022-01-11,170.2,0.3,0
2022-01-12,170.2,0.5,0
2022-01-13,167.6,3.6,0
2022-01-14,167.6,-4.3,2.5
2022-01-15,170.2,-1.6,0
2022-01-16,170.2,0,0
2022-01-17,170.2,1.1,0
2022-01-18,170.2,-1.9,0
2022-01-19,167.6,-6.3,0
2022-01-20,167.6,-5.4,0
2022-01-21,170.2,-5.9,12.7
2022-01-22,180.3,-7.1,0
2022-01-23,180.3,-3.7,0
2022-01-24,180.3,-4.8,2.5
2022-01-25,182.9,-12.8,10.2
2022-01-26,193,-8,0
2022-01-27,195.6,-10.8,7.6
2022-01-28,203.2,-3.2,0
2022-01-29,203.2,1.2,0
2022-01-30,200.7,-0.6,0
2022-01-31,200.7,-1.1,0
2022-02-01,200.7,-11.4,10.2
2022-02-02,210.8,-20.9,2.5
2022-02-03,210.8,-16.6,0
2022-02-04,213.4,-4.9,2.5
2022-02-05,215.9,-5.2,0
2022-02-06,213.4,-8.4,0
2022-02-07,213.4,-2.1,0
2022-02-08,213.4,-2.8,0
2022-02-09,213.4,-3.5,0
2022-02-10,213.4,-1.7,0
2022-02-11,213.4,-7,12.7
2022-02-12,226.1,-7,2.5
2022-02-13,228.6,-1.5,0
2022-02-14,228.6,0,0
2022-02-15,228.6,0.9,0
2022-02-16,226.1,-6.2,7.6
2022-02-17,233.7,-10.9,2.5
2022-02-18,236.2,-5.7,0
2022-02-19,236.2,-1.9,0
2022-02-20,236.2,-0.3,0
2022-02-21,236.2,-6.9,0
2022-02-22,236.2,-17.4,2.5
2022-02-23,238.8,-13.4,5.1
2022-02-24,243.8,-12.4,0
2022-02-25,241.3,-13.3,0
2022-02-26,243.8,-8.7,0
2022-02-27,243.8,-0.7,0
2022-02-28,243.8,1.3,0
2022-03-01,243.8,4.8,0
2022-03-02,243.8,5.1,0
2022-03-03,241.3,3.7,0
2022-03-04,241.3,2.4,0
2022-03-05,243.8,-5.5,2.5
2022-03-06,243.8,-13.1,5.1
2022-03-07,248.9,-13.4,2.5
2022-03-08,251.5,-10.7,0
2022-03-09,251.5,-13.6,7.6
2022-03-10,259.1,-14,0
2022-03-11,259.1,-12.7,0
2022-03-12,261.6,-3,0
2022-03-13,261.6,-0.2,2.5
2022-03-14,259.1,-1.7,0
2022-03-15,261.6,1.8,0
2022-03-16,261.6,-1,17.8
2022-03-17,276.9,-6.3,25.4
2022-03-18,304.8,-4.3,0
2022-03-19,307.3,-0.9,2.5
2022-03-20,307.3,2,0
2022-03-21,304.8,-4.9,2.5
2022-03-22,309.9,-8.5,2.5
2022-03-23,312.4,-2,0
2022-03-24,312.4,2.4,0
2022-03-25,309.9,3.4,0
2022-03-26,307.3,6.4,0
2022-03-27,309.9,7.8,0
2022-03-28,304.8,6.9,0
2022-03-29,299.7,0.5,5.1
2022-03-30,304.8,-4,0
2022-03-31,304.8,0.8,0
2022-04-01,304.8,-0.5,0
2022-04-02,307.3,3.6,0
2022-04-03,299.7,0.9,0
2022-04-04,302.3,1.5,5.1
2022-04-05,299.7,-3.3,12.7
2022-04-06,315,-8.1,2.5
2022-04-07,317.5,-2.8,0
2022-04-08,320,3.1,0
2022-04-09,309.9,5.5,2.5
2022-04-10,307.3,-4.1,0
2022-04-11,309.9,0.4,2.5
2022-04-12,309.9,-5.3,0
2022-04-13,317.5,-11.1,5.1
2022-04-14,312.4,-5.7,0
2022-04-15,312.4,-0.4,0
2022-04-16,315,1.6,5.1
2022-04-17,309.9,-0.5,7.6
2022-04-18,322.6,3.7,0
2022-04-19,317.5,8,0
2022-04-20,307.3,4.4,0
2022-04-21,302.3,7.4,0
2022-04-22,284.5,7.4,0
2022-04-23,269.2,-2.5,2.5
2022-04-24,269.2,-3.4,20.3
2022-04-25,284.5,-3,0
2022-04-26,287,3.3,0
2022-04-27,281.9,5.2,0
2022-04-28,279.4,5.6,0
2022-04-29,271.8,0.7,0
2022-04-30,271.8,1.3,0
2022-05-01,264.2,0.9,7.6
2022-05-02,264.2,0,7.6
2022-05-03,269.2,2.7,5.1
2022-05-04,269.2,-0.5,20.3
2022-05-05,284.5,4,0
2022-05-06,279.4,8.9,0
2022-05-07,264.2,9.8,0
2022-05-08,243.8,4.3,0
2022-05-09,236.2,5.3,0
2022-05-10,218.4,4,0
2022-05-11,203.2,9.8,0
2022-05-12,177.8,4,0
2022-05-13,165.1,4.8,0
2022-05-14,147.3,7.4,0
2022-05-15,127,7.9,0
2022-05-16,104.1,7.2,0
2022-05-17,86.4,8.6,0
2022-05-18,66,8.6,0
2022-05-19,35.6,9.6,0
2022-05-20,10.2,-3.6,27.9
2022-05-21,38.1,-4.4,12.7
2022-05-22,50.8,-1.1,5.1
2022-05-23,55.9,1.2,5.1
2022-05-24,58.4,-0.3,25.4
2022-05-25,83.8,3.4,0
2022-05-26,78.7,8.5,0
2022-05-27,61,9.8,0
2022-05-28,43.2,8.8,0
2022-05-29,30.5,4.8,5.1
2022-05-30,20.3,0.8,0
2022-05-31,10.2,0.8,22.9
2022-06-01,33,1.8,0
2022-06-02,30.5,4.9,0
2022-06-03,17.8,7,0
2022-06-04,5.1,9.1,0
2022-06-05,5.1,9.4,0
2022-06-06,2.5,8.1,0
2022-06-07,2.5,8.6,0
2022-06-08,2.5,8.7,0
2022-06-09,2.5,11.5,0
2022-06-10,0,12.7,0
2022-06-11,0,14.5,0
2022-06-12,0,15.8,0
2022-06-13,0,17.3,0
2022-06-14,0,9.6,0
2022-06-15,0,9.6,0
2022-06-16,0,13.6,0
2022-06-17,0,12.1,0
2022-06-18,0,14.3,0
2022-06-19,0,11.8,0
2022-06-20,0,11.3,0
2022-06-21,0,9.7,0
2022-06-22,0,10.5,0
2022-06-23,0,12,0
2022-06-24,0,11.8,2.5
2022-06-25,0,8.4,0
2022-06-26,0,6.2,10.2
2022-06-27,0,8.4,0
2022-06-28,2.5,15.5,0
2022-06-29,0,14,0
2022-06-30,0,11.4,0
2022-07-01,0,11.8,0
2022-07-02,0,12.7,0
2022-07-03,0,12.9,2.5
2022-07-04,0,13.8,2.5
2022-07-05,0,10.7,10.2
2022-07-06,NA,10.3,15.2
2022-07-07,0,12.3,0
2022-07-08,0,14.1,0
2022-07-09,0,16.4,0
2022-07-10,0,15.7,0
2022-07-11,0,13.7,0
2022-07-12,0,13.7,0
2022-07-13,0,16.2,0
2022-07-14,0,16.6,0
2022-07-15,0,15.1,0
2022-07-16,NA,13.6,7.6
2022-07-17,0,15.2,0
2022-07-18,0,17.3,0
2022-07-19,0,16.7,0
2022-07-20,0,14,10.2
2022-07-21,0,14.4,0
2022-07-22,0,14.2,0
2022-07-23,0,13.4,2.5
2022-07-24,0,10.3,20.3
2022-07-25,0,12.8,0
2022-07-26,0,13.7,0
2022-07-27,0,14.5,0
2022-07-28,0,8.8,7.6
2022-07-29,0,8.1,27.9
2022-07-30,0,11.9,0
2022-07-31,0,11.9,5.1
2022-08-01,0,13.4,10.2
2022-08-02,0,14.5,0
2022-08-03,0,13.4,0
2022-08-04,0,14.8,0
2022-08-05,0,13.6,0
2022-08-06,0,13.5,2.5
2022-08-07,0,13.2,0
2022-08-08,0,12.4,0
2022-08-09,0,13.2,0
2022-08-10,0,14,0
2022-08-11,0,15,0
2022-08-12,0,14,0
2022-08-13,0,12.4,2.5
2022-08-14,0,12.4,5.1
2022-08-15,0,11.2,12.7
2022-08-16,0,8.8,12.7
2022-08-17,0,8.9,0
2022-08-18,0,10,0
2022-08-19,0,9.8,0
2022-08-20,0,8.2,27.9
2022-08-21,0,7.9,10.2
2022-08-22,0,8.6,0
2022-08-23,0,8.9,0
2022-08-24,0,9.7,0
2022-08-25,0,9.9,10.2
2022-08-26,0,9.4,2.5
2022-08-27,0,12.5,0
2022-08-28,0,12.9,0
2022-08-29,0,12.2,0
2022-08-30,0,12,0
2022-08-31,0,12.4,0
2022-09-01,0,11.6,0
2022-09-02,0,13.9,0
2022-09-03,0,11.8,0
2022-09-04,0,14.7,0
2022-09-05,0,16,0
2022-09-06,0,14.4,0
2022-09-07,0,13.5,0
2022-09-08,0,15.4,2.5
2022-09-09,0,5.7,7.6
2022-09-10,0,3,5.1
2022-09-11,0,5.5,0
2022-09-12,0,9.8,0
2022-09-13,0,9.3,0
2022-09-14,0,9.4,0
2022-09-15,0,7.8,0
2022-09-16,0,7.7,0
2022-09-17,0,8.8,0
2022-09-18,0,10.2,0
2022-09-19,0,12.9,0
2022-09-20,0,12.4,0
2022-09-21,0,7.4,7.6
2022-09-22,0,8.3,0
2022-09-23,0,8.4,2.5
2022-09-24,0,8.5,0
2022-09-25,0,5.6,0
2022-09-26,0,7.7,0
2022-09-27,0,7.2,0
2022-09-28,0,9.8,0
2022-09-29,0,10.1,2.5
2022-09-30,0,6.4,5.1
